epoch,learning_rate,train_Energy_RMSE,train_Energy_MAE,train_Force_RMSE,train_Force_MAE,train_Stress_RMSE,train_Stress_MAE,train_TotalLoss,train_Energy_R2,train_Force_R2,train_Stress_R2,valid_Energy_RMSE,valid_Energy_MAE,valid_Force_RMSE,valid_Force_MAE,valid_Stress_RMSE,valid_Stress_MAE,valid_TotalLoss,valid_Energy_R2,valid_Force_R2,valid_Stress_R2
1,0.001,0.0065934973553361,0.004301983969552176,0.7884883689450481,0.060525832857850716,8.303515917728705,0.723680111340114,0.000632271961463029,0.9988055239776747,0.987093675951882,0.9810028272926761,0.005792144603046402,0.003501183646065848,0.7937830193610801,0.0696780036517909,6.797931983580554,0.8266052291506812,0.0007111972624097184,0.9991410025595455,0.9866350268702221,0.985894014598716
2,0.001,0.00499060873369554,0.002661869355610439,0.7236997305095408,0.058914726416519854,7.926160808392672,0.6973922976425716,0.0006109960680247305,0.9993156911480626,0.9891275154566959,0.9826902561853885,0.004722838206535995,0.0020506245749337335,0.7376424237989375,0.06215451629656666,6.451385723011445,0.7667515663873582,0.0006332383270733367,0.9994288907236947,0.9884586584052693,0.987295552274498
3,0.001,0.004795692523868003,0.0024075474057878767,0.6788895666313755,0.0534375960190841,7.176386669483896,0.6883889757451557,0.0005491236481257472,0.9993680989531495,0.9904322395563867,0.9858101888527993,0.004965167832236145,0.0020439965384347098,0.7133886392662878,0.06653754653670753,6.286035484925736,0.8935483160473051,0.000691942992521351,0.9993687797184468,0.9892051437544842,0.9879384426609453
4,0.001,0.005214558873266735,0.003569486311503819,0.6435319278118897,0.05343172115037526,6.703263814735588,0.6353477327596574,0.000555424631393391,0.9992528936224978,0.991402896893287,0.9876195177749275,0.005207643840056371,0.0025163446153913228,0.6644221993593317,0.06541787848595053,5.727780125982586,0.7436287559214092,0.0006670715493161575,0.9993056225201503,0.990636186549184,0.989985657497448
5,0.001,0.005054447977463669,0.0029588733400617326,0.5829220451875778,0.0533643329762063,6.043055210134373,0.6555404434601466,0.0005425553542882296,0.9992980712448667,0.9929460405644646,0.9899381443984774,0.003984193282629225,0.0016476086207798549,0.6559379621767667,0.05922274163434091,5.568390247717946,0.6866487605231149,0.0005968499651656126,0.9995935624017809,0.9908737993442339,0.9905352516582817
6,0.001,0.003795967964790315,0.0021377035549708773,0.5773648797376985,0.053200119134015254,5.802188424840214,0.6251224747725895,0.000564837733538736,0.9996040932672382,0.9930798950066019,0.9907242590309518,0.004374101357712186,0.0025879791804722376,0.6139701162004984,0.06506203861606447,5.026395227611906,0.6695220691817148,0.0006507637034904847,0.9995101188109956,0.9920042546359888,0.9922880713503934
7,0.001,0.003949638452622066,0.002946192877633231,0.4880374631460035,0.050349584884113736,4.67929600552572,0.6105506740865253,0.0005330727626139508,0.9995713891653204,0.9950555468312743,0.9939671022172254,0.008069640321733105,0.007805027280535017,0.5959432064537648,0.06408859745636426,5.019099152453474,0.6877452867371695,0.0006709916029568478,0.9983326704998998,0.9924668903160729,0.9923104441285387
8,0.001,0.004422698686668469,0.0033722851957593645,0.45416348531112105,0.047481986000915244,4.370923722548393,0.5695339505161557,0.000496934272484022,0.9994625728201773,0.9957181014748685,0.9947360543008629,0.004892844000768165,0.0027731282370431084,0.5484856459259994,0.060271640462445514,4.813745843782445,0.8129335494268508,0.0006248329212400626,0.9993870348025907,0.9936189077969468,0.9929267982444808
9,0.001,0.0035857178545147,0.002542741809572492,0.4362936354439333,0.052626243208689256,3.8573814202613743,0.5657581302381697,0.0005491551928615925,0.9996467375517796,0.9960484298157798,0.9959003186620373,0.002712609050943727,0.001181861332484654,0.5190751116340151,0.05695028028273232,4.495407762355793,0.7104992236409868,0.0005750276567481351,0.9998115971398844,0.9942848865001094,0.9938313806836925
10,0.001,0.0031244992803489482,0.0021520963736942835,0.3692014188856151,0.04620792496504274,3.4868296386692332,0.5389595947095326,0.0004806810713722761,0.999731770048055,0.9971703113159485,0.9966501421051346,0.0029705585994025414,0.002406999043055943,0.480259423435497,0.05990452861386025,4.002928452831752,0.6138586248670306,0.0005944759418093781,0.9997740619758504,0.9951076634887628,0.9951089128243719
11,0.001,0.003655558130316424,0.0026768199035099574,0.32763553189310635,0.04775582372642413,2.938452316442773,0.5459578264327276,0.0004926812049458899,0.9996328436463656,0.9977715958914296,0.997620957241835,0.002332632189544421,0.001258155277797154,0.4619642668974346,0.05613645308297635,3.919831488576848,0.6683608293533325,0.0005637206607252665,0.9998606825209254,0.9954733040302214,0.9953098736901812
12,0.001,0.004071947740519896,0.002957475185394287,0.27216539162567005,0.045204925680810304,2.7062136850434495,0.49150446710132417,0.00046557641764715237,0.9995444412251955,0.9984622782705637,0.9979821489286418,0.005872623094197975,0.004410866328648158,0.4594877821515388,0.06975288529815914,3.7361872856938163,0.6420835688000633,0.0007017349596551666,0.9991169661830395,0.995521708638416,0.995739044113234
13,0.001,0.003199321467645133,0.002346038818359375,0.2406039086626252,0.04383611247974372,2.493260235415316,0.4934170028993062,0.0004543195302114944,0.9997187707486666,0.9987982411795415,0.9982872255639877,0.0030955352260536194,0.002401467732020787,0.3926373865412442,0.05771549577108219,3.591325218130346,0.7511847711744762,0.0005809653624697198,0.9997546508377271,0.9967299999693117,0.9960630559596394
14,0.001,0.0046989110808892945,0.003458491393498012,0.23393219311537225,0.046617542610228435,2.6161339723637798,0.5216755415712084,0.00048019935464697027,0.9993933511664792,0.9988639643601261,0.9981142466637574,0.003012707969076044,0.0027081898280552456,0.3798312950090112,0.05323344294130177,3.426622910296627,0.6631689434959775,0.0005371700587314383,0.9997676048014714,0.9969398270088419,0.9964158812649946
15,0.001,0.0054407440959884455,0.0038044844354901994,0.24970100134935047,0.05270582973269797,2.7013285946566343,0.5585017390194393,0.0005435160928009931,0.9991866820564042,0.9987056476495079,0.9979894273332208,0.009200375964401547,0.005393668583461217,0.4881565513267046,0.08548074082883399,4.529885031781964,0.9995297727130709,0.0008991218472725552,0.9978326740650619,0.9949454471905717,0.9937363983875114
16,0.001,0.004356828953838356,0.0030188185828072685,0.22535949150561732,0.04709515298874873,2.791493521644625,0.5504817446072896,0.00048213496835595445,0.9994784579986093,0.9989457012909826,0.9978529696073711,0.007859768705949507,0.007465321677071707,0.39767202463188567,0.05609660597217408,3.601346414737292,0.6254648571922665,0.0005816854945725127,0.998418269057907,0.9966456022064805,0.9960410542159023
17,0.001,0.003306435423835899,0.002585057701383318,0.20617388049794325,0.04166462397362951,2.375776734246794,0.452887875693185,0.00042373215822012105,0.9996996231847072,0.9991175720648393,0.9984448360351075,0.005668277851296834,0.004420082909720285,0.3919168623939936,0.05804317977193516,3.5435905582623883,0.680315823782058,0.0005917012419533623,0.9991773495497794,0.9967419903268329,0.9961670173773661
18,0.001,0.0047503433396294615,0.003987436635153634,0.20195584271706324,0.04159618876640152,2.333312292793794,0.48572823788438524,0.0004311041629050578,0.999380000109071,0.9991533092494665,0.9984999329077855,0.00475185076461551,0.004041637693132673,0.3614785847371759,0.052926303955493983,3.308514424191973,0.6071965518451873,0.0005337787215790337,0.9994218524838319,0.9972284059970821,0.9966586971012888
19,0.001,0.0031464374304610897,0.0024353717054639546,0.18883412810145717,0.039500945581580106,2.221509336423168,0.4419858687690326,0.0003961877476806746,0.9997279894900133,0.9992597593196597,0.9986402432390069,0.0018276303171928876,0.00100771359034947,0.3571529564281609,0.054863464313733006,3.31654736871571,0.6040994908128466,0.0005397772695089822,0.9999144756492953,0.9972943413621597,0.9966424523417059
20,0.001,0.004044977615953601,0.0027622597558157784,0.20358503809215586,0.04336362714787449,2.3843388108149526,0.4635512442106292,0.00044372019751840846,0.9995504558338472,0.9991395934764791,0.9984336064941799,0.006862497071205157,0.0034139837537493023,0.5102698659442805,0.076886367123082,4.39304007438415,0.8320575004532224,0.0007814699541770173,0.9987941940495848,0.9944771363760634,0.9941091211851382
21,0.001,0.0033826361318315635,0.0025173212800707135,0.21167944347139128,0.04309792552666594,2.4227708895021975,0.4881535400946935,0.00043898282056483947,0.9996856203560737,0.9990698149721098,0.9983827036349436,0.0018033677331137947,0.001024144036429269,0.3440857927843866,0.050585204356621394,3.3061130349028693,0.6172236357416425,0.0005046760265866447,0.9999167313223286,0.9974887036548085,0.9966635459019039
22,0.001,0.003269975892887447,0.0024912970406668527,0.1978912176162351,0.04014106887535229,2.2666966524767425,0.44421661879335134,0.00040723658881987437,0.9997062118644255,0.999187047783955,0.998584363525091,0.003803221000080121,0.002341393062046596,0.3409241571422413,0.05468561679937055,3.3067156709699983,0.7404627890813918,0.000558280362173807,0.9996296467131675,0.9975346416604687,0.9966623293709765
23,0.001,0.0044554537083231465,0.003665987934385027,0.20924948940026994,0.04202921594057693,2.263636436547053,0.47354375010445005,0.00042879051315329825,0.9994545852953398,0.9990910483392906,0.9985881834017301,0.0018368348684491996,0.0014250074114118304,0.3542663319338397,0.05229250461925251,3.2370708135332085,0.6119750289689927,0.0005185005459812449,0.9999136120221211,0.9973379006021077,0.9968014425323588
24,0.001,0.0028159839194520785,0.002231646435601371,0.17350362703701444,0.03795323085891126,2.069623974957654,0.4168052575417927,0.0003740886076278035,0.9997821237787279,0.9993750732901944,0.9988198210674031,0.0022229726216876555,0.0013200759887695313,0.38315023818964905,0.05498342395641019,3.418339569902768,0.6131945859818232,0.00053900008445156,0.9998734735548717,0.9968861142179781,0.9964331884461397
25,0.001,0.00323028101276457,0.0023340233734675817,0.19550640540749295,0.03982121365406478,2.177394924015112,0.4239087259485608,0.0003989151815482046,0.9997132963508631,0.9992065237141777,0.9986937107711712,0.002252941508588352,0.0013358184269496372,0.34491162997584546,0.054414686042057896,3.0650752006739697,0.5456904416992551,0.0005346933304029891,0.9998700390397148,0.997476634464108,0.9971323111171536
26,0.001,0.003841966684631922,0.002961597272327968,0.18781745151172233,0.042487971094169456,2.2561630782048696,0.49386726773920514,0.00043382852754531796,0.9995944380175438,0.9992677087219787,0.9985974901676875,0.0021948869133359473,0.0014119761330740792,0.3365339430890045,0.05237810282462298,3.2778334644218132,0.6455635683877128,0.0005204723557694832,0.9998766505047535,0.9975977275391494,0.9967203799206528
27,0.001,0.004081855884048077,0.003172642844063895,0.17428301619333297,0.03871304166954268,2.0990774694769896,0.4513166564561072,0.0004012414311619555,0.999542211654245,0.9993694462835448,0.9987859910755817,0.004996647865687919,0.004578256607055664,0.3524441620710824,0.0500567960914076,3.254373240893362,0.5791657967226845,0.0005060755463030848,0.9993607502505454,0.9973652153273634,0.9967671581039416
28,0.001,0.0036671505875164882,0.0027792274951934813,0.19282333372274071,0.03974857545248867,2.1953991197487075,0.4355575103135336,0.0003979585232553485,0.9996305103186801,0.9992281531150423,0.9986720189132157,0.0034578647431496843,0.0030539172036307197,0.3330961826461149,0.050239761982823816,3.2178026892562333,0.6941878852390108,0.000513229108698599,0.9996938536531242,0.997646556517182,0.9968394069077655
29,0.001,0.0030049289824494404,0.00226702094078064,0.16390858488382115,0.03641532881642288,2.0895494871676923,0.4107037575471969,0.0003679035549181598,0.9997519074244736,0.9994422811114995,0.9987969871988274,0.003675500417905067,0.002112865447998047,0.3410570449173264,0.05360116251984482,3.176918231253661,0.5731669891448248,0.0005299031682606407,0.9996541036084494,0.9975327194398479,0.9969192118213409
30,0.001,0.0027269533326265334,0.0020588159561157225,0.17753892774868973,0.038352037469546,1.8975278785485943,0.3971277885493778,0.00037982190357133404,0.9997956863383415,0.9993456665215942,0.9990079323283044,0.003722692245247895,0.0033844334738595146,0.3313063481096923,0.05092898586011283,2.9946255538710895,0.5639629931676955,0.0005083887244453283,0.9996451642673357,0.9976717800844038,0.997262621770861
31,0.001,0.003457813253850027,0.0026869067123958044,0.19231046198258947,0.04030100424896996,2.3840207530099713,0.4359268123195285,0.00040338965772434676,0.9996714915847883,0.9992322536038197,0.9984340244435413,0.005584537942852896,0.005231782368251256,0.3455714136221899,0.049754959794710264,3.412813201616402,0.6686523721331642,0.0005144050471992362,0.9992014767411999,0.9974669713388482,0.9964447116847167
32,0.001,0.0033049122620876373,0.0025656189237322127,0.19086996809115997,0.041161749402619505,2.245316177070869,0.500019818402472,0.0004294917359526705,0.9996999034760036,0.9992437120666161,0.9986109433561325,0.0032146725687969267,0.0027950559343610493,0.359393138159002,0.04995272875581897,4.033314965359037,1.0304565543220157,0.0005446226160569898,0.9997354019939166,0.9972602933476061,0.9950343733434094
33,0.001,0.004369186291998119,0.0037465427603040422,0.16793107044891212,0.037629669395507756,1.9828475776948404,0.43412706284295943,0.00037918659290820804,0.9994755023106157,0.9994145712009579,0.9989167128213419,0.003807913988971969,0.003524555478777204,0.3289569260377067,0.05408829266295243,3.4264873218819116,0.8134403183346703,0.0005599343788005879,0.9996287321535329,0.9977046836324374,0.9964161646579156
34,0.001,0.004018987433676097,0.0032537409237452914,0.18376880214078628,0.0389718856795279,2.0649497708617455,0.42640014673982346,0.0003994762265411355,0.9995562075190949,0.9992989394370498,0.9988251459128704,0.004108086026286978,0.002743680136544364,0.3807036016533887,0.06777309927800416,3.613873384951513,0.6706423157737369,0.0006696998000413462,0.9995678921686171,0.9969257553433264,0.996013464660897
35,0.001,0.004585460841856231,0.0034566930362156458,0.223320315671712,0.04413542468530327,2.404686223972272,0.47075989501816884,0.00045431922139576794,0.999422280533263,0.9989646946502465,0.9984067578534115,0.004786067698288773,0.004292787824358259,0.3281420241149503,0.05508803571545103,3.048254924635439,0.5596733547392345,0.0005492480273692814,0.9994134963041137,0.9977160413368115,0.9971636987128312
36,0.001,0.004013496021843376,0.0032815115792410713,0.16670993163046477,0.037837040967911295,1.9870166766155568,0.436974183292616,0.0003883795625140952,0.9995574152272647,0.9994230543382477,0.9989121526329179,0.0059885085543794755,0.005410357883998326,0.3331399448915244,0.051053608675922735,2.981426806261035,0.6040129695619856,0.0005203241655019358,0.9990817722215563,0.9976459379737955,0.9972866983492406
37,0.001,0.0032430292165697883,0.002424506630216326,0.20148730085276417,0.040703447781643774,2.095868896217683,0.44217082120123363,0.0004039125656322052,0.9997110330750738,0.9991572333573111,0.9987896996612776,0.002375902568924532,0.0019522735050746373,0.3199048900869361,0.047537765303622755,2.92051979107166,0.5289234592801049,0.0004661026079836321,0.9998554658966001,0.9978292678287215,0.9973964251089575
38,0.001,0.0036530398655725584,0.002563283273151943,0.1708845554985379,0.03673561033743982,2.025110617533289,0.38938754158360617,0.00036039568082737463,0.9996333487004544,0.9993937976856808,0.9988700416847979,0.003263109227749395,0.0030959061213902063,0.31586146667285575,0.04857271178713385,2.9609303246435252,0.5459923383735475,0.00047984195611307874,0.9997273683316135,0.9978837948389445,0.9973238767574374
39,0.001,0.003458444759476519,0.0026969892638070243,0.16790430078628485,0.037458660467615666,1.8455967720974886,0.40531423361528485,0.0003777611483363573,0.9996713692227361,0.9994147578414873,0.9990614907244373,0.0021730404320407615,0.0018229007720947266,0.3311969224624774,0.044799082996460377,3.0731559786696336,0.514916371731531,0.0004405215300876206,0.9998790937664223,0.9976733177543041,0.9971171702214242
40,0.001,0.003686199330904731,0.002785207544054304,0.163485066623015,0.036271202512694604,1.8164161636738294,0.3807559757005601,0.0003677828893555508,0.9996266650143044,0.9994451595221828,0.9990909334974175,0.0051441534107803865,0.004917825971330915,0.3174245889212371,0.045535341436258155,3.0285386877237377,0.6055913232621692,0.00046621363937043094,0.9993224506982351,0.9978627977770488,0.9972002708857627
41,0.001,0.0037289188929780955,0.0027868287903921943,0.1638179776241495,0.03727836746808368,2.0244786369262004,0.42344795607385183,0.00038109290313695967,0.999617962701149,0.9994428975298407,0.9988707467700283,0.003516836611520755,0.0030556133815220422,0.34272036106640763,0.051808174957269394,3.083196062054135,0.6088797154880705,0.0005198765537491252,0.9996833223143726,0.9975085950935382,0.9970983032039089
42,0.001,0.0035814308515412932,0.0025270232132502965,0.19979520050014662,0.041199033384834195,1.9665489639607356,0.4447857438098817,0.0004164616701923478,0.9996475801220513,0.9991713291263318,0.9989344484796407,0.00396190935397163,0.0036229065486363004,0.3213650995149572,0.051752206976808594,2.8434935221674453,0.5007238166672843,0.0005068673521196212,0.9995980961668097,0.9978094059519448,0.9975319481221345
43,0.001,0.0031730849362162795,0.002424952813557216,0.16644839685749716,0.03719928031260113,1.6319826267746824,0.35447760423024494,0.000366243638231221,0.9997233638887116,0.9994248631414456,0.9992661690749741,0.003650893875296252,0.002854354040963309,0.30239638305264865,0.053860335979821546,2.955790453868201,0.5779090166091919,0.0005338586248722601,0.9996587194826367,0.9980603753622942,0.997333159498772
44,0.001,0.002843797343175671,0.0020513338702065603,0.17661513976499515,0.03750021730703878,1.8236150835004492,0.39717128702572413,0.0003769392913023272,0.9997778007773457,0.9993524581661989,0.9990837135103988,0.006911946325848744,0.006701312746320452,0.29592277110739734,0.0458439778169496,2.8256856105130246,0.5013212124506633,0.000468279340184381,0.9987767540332645,0.9981425324588795,0.9975627648574079
45,0.001,0.003124015983744854,0.0025389134883880616,0.15069105084124695,0.03418847524113875,1.7146889710767013,0.3748766596828188,0.0003418582634501815,0.9997318539422958,0.9995286029045636,0.9991899055969858,0.005676752363272628,0.005512550898960658,0.2973893040811991,0.04559023244076055,2.799942000613131,0.5227029096512568,0.00046097221160784505,0.9991748878593734,0.9981240762745947,0.9976069716731065
46,0.001,0.003639679961834281,0.002664405107498169,0.17216779330786788,0.03655689642364374,2.0311865272141683,0.4166253563903627,0.0003765265815746781,0.999636022778426,0.999384659096142,0.9988632510913517,0.0060287943430045714,0.005813544137137277,0.3174280447810294,0.050916235651859945,3.5643949903909573,0.8578226339249384,0.0005464503670777453,0.9990693764958967,0.9978627511911677,0.9961218784624127
47,0.001,0.0033279995363294738,0.0027091222149985177,0.1733401576178807,0.03685166946059753,1.841664571160865,0.3774437163557325,0.00036804669126349514,0.9996956934219879,0.9993762503197504,0.9990654856014154,0.00302775408523475,0.0027396270206996374,0.3050733058539048,0.05055243970213196,3.089358059597516,0.6580495675404866,0.0005093866140401184,0.9997652777411061,0.9980258829479928,0.9970866928974776
48,0.001,0.004439983006166157,0.003547548396246774,0.17527817721051445,0.03828652721655944,2.0368114630313663,0.41735863288243613,0.00038889533232298033,0.9994583682270973,0.9993622247513771,0.9988569464151066,0.002660065010384024,0.002305677958897182,0.3038216591386142,0.04931661589715466,3.0188868796527544,0.658310696056911,0.0004997886090042256,0.9998188252879326,0.9980420482943948,0.9972180876060169
49,0.001,0.0032487989082902605,0.002495422533580235,0.17777259380597055,0.03596274623455991,1.850891596645696,0.3862715728226162,0.00035859953657013324,0.9997100077868676,0.9993439429891181,0.99905609801276,0.0022999550197781624,0.0017228058406284878,0.31648834508347523,0.05060346009096509,3.5986689729568915,0.9559689589909145,0.0005380442685755801,0.999864558497259,0.9978753866661701,0.9960469385686864
50,0.001,0.004876208564292474,0.0032282463141850063,0.18032651484946027,0.037421607527592896,1.9309337060781844,0.3872921351875578,0.0003729482467204304,0.9993467030441501,0.9993249574606272,0.998972694437828,0.012814409627210541,0.008140533311026437,0.4750272907247435,0.09407725200775534,4.591503214910466,0.9331309840792701,0.0009939860446608387,0.9957955394328665,0.9952136812401089,0.9935648369820315
51,0.0005,0.00400143305905762,0.0027012228965759277,0.16420948531360022,0.0347252016500482,1.781435629994473,0.3609592543471427,0.0003515043808226892,0.9995600809949039,0.9994402315183168,0.999125609954643,0.0022693888207809872,0.001974630355834961,0.28935090558792054,0.042119601737528226,2.811338692037607,0.5125658165840875,0.00041347453909420693,0.9998681345865521,0.9982241178257878,0.9975874513960288
52,0.0005,0.002070628933429686,0.0015969983169010708,0.1265893631219168,0.028573848182175395,1.4521417771750234,0.2888320070647058,0.0002752001933968131,0.9998822002545253,0.9996673355494394,0.9994189908576515,0.002098895162095624,0.0015314170292445592,0.3055853302941952,0.04249838894268252,2.8897634062804163,0.4958374148323422,0.0004194973588679811,0.9998872037733573,0.998019250796767,0.9974509737062824
53,0.0005,0.0018058601098434475,0.0013550102710723877,0.12756412487342253,0.028531861567647202,1.4418060181080492,0.28846880609080905,0.00028046529492127905,0.9999103983947271,0.9996621926668118,0.9994272321762331,0.0014554876743632416,0.0009081568036760603,0.2926169303207083,0.04284832757786385,2.811977721570322,0.5041233556611198,0.00041889079763974575,0.999945758693406,0.9981838013188531,0.9975863543031961
54,0.0005,0.0023464065610990003,0.001757505110331944,0.1359264789575215,0.029879448970533767,1.5086644844760209,0.3026667486344065,0.00028820743821147846,0.9998487312651507,0.9996164516720126,0.9993728805463509,0.0031124325401339385,0.002760403496878488,0.3056605283590091,0.04367041773703613,2.8332496420002733,0.5131581400121962,0.00043114957357021116,0.9997519649972885,0.9980182760031868,0.9975496989558115
55,0.0005,0.001942008630812885,0.0014291090624673026,0.12440041644899975,0.028487049410240706,1.5362555366392177,0.3064899795112156,0.0002713938019629235,0.999896379609489,0.9996787407614152,0.9993497327867491,0.0014658780531836887,0.0007751669202532087,0.29398904603750625,0.04154125679151567,2.7497596463065235,0.4682596479143415,0.0004043980227026446,0.9999449814977042,0.9981667286402512,0.9976919817587139
56,0.0005,0.0022536878732975023,0.0017862609454563686,0.12538927213131568,0.02796933679710644,1.4419113671965693,0.29510229513758707,0.00027211658832665566,0.9998604490976637,0.9996736130871515,0.9994271484764308,0.00278411234832478,0.0024590764726911273,0.30170250055455067,0.04338339732596709,2.887025258553379,0.5075898056938535,0.0004262842607585703,0.9998015337830245,0.998069266729852,0.9974558019733619
57,0.0005,0.002152225173073839,0.0015857500689370292,0.12344749134373022,0.027585535155964597,1.4873598264759367,0.2870262424860682,0.00025963623582921563,0.9998727315776748,0.999683643693605,0.999390467241736,0.0016141048989654588,0.0012716497693743025,0.29319143710723156,0.04214379884911783,2.7755309967871287,0.46249674870854335,0.0004075769171889634,0.9999332922043395,0.9981766626701466,0.9976485165664345
58,0.00025,0.0018670844755976016,0.0014852634498051234,0.1196056127978563,0.026620902339742368,1.3438588808390417,0.2658843137678646,0.0002528829483382294,0.9999042206423283,0.9997030282813875,0.9995024092849761,0.0014068071353555368,0.0007333687373570033,0.29148968652579693,0.0400638647799222,2.7705575013532315,0.48641068310964675,0.0003929892352911995,0.9999493263481535,0.9981977671453002,0.9976569362495861
59,0.00025,0.0014936648852217752,0.0010755130222865512,0.11372035130776276,0.025768010668159782,1.3482746742597456,0.2592322969010898,0.00024542674703960593,0.9999387009328636,0.9997315345816012,0.9994991338309337,0.0012744418695006664,0.0006643635886056082,0.2870185293894562,0.03979572066471012,2.7606228039976854,0.4803766369819641,0.0003888525015370684,0.9999584134263039,0.9982526323794416,0.9976737096790832
60,0.00025,0.00112165586774889,0.000789738552910941,0.11375070390772417,0.025754423370776186,1.3670975064612203,0.2591091959249406,0.00024394774143230992,0.9999654326565856,0.9997313912540117,0.9994850513468074,0.0016230615413507273,0.0009884561811174665,0.2915777322309914,0.040727889715875466,2.764346636951955,0.4735155695960635,0.00039696890580614763,0.9999325498293327,0.9981966783977214,0.9976674294172826
61,0.00025,0.0014002926537704068,0.0009438480649675642,0.11574552452818891,0.026061478736703,1.335794871069435,0.2628071353549049,0.00024645504942900844,0.9999461254717702,0.9997218875838877,0.9995083631047057,0.0012815524632250489,0.0007943834577287946,0.2845149107702478,0.040149483681349886,2.791204223087826,0.5087216411318097,0.00039332098187609666,0.9999579480772555,0.9982829830534516,0.997621884236338
62,0.00025,0.001576976776285768,0.0012108666556222098,0.11326283425904937,0.025718006143342523,1.3302892190330884,0.2583785198274113,0.00024297092445695916,0.999931672481126,0.9997336904017168,0.9995124074407004,0.0013804445400841727,0.0007245200020926339,0.28325658695961403,0.03947808359216594,2.7159449525166517,0.45797730882962545,0.0003844717879573838,0.9999512077320651,0.9982981372253054,0.9977483976409451
63,0.00025,0.0016574605305345045,0.001309009109224592,0.11398722947006454,0.02596770522948081,1.377834898378472,0.2670309163275219,0.0002450446038761324,0.9999245200507407,0.9997302730298424,0.9994769306534418,0.0035132726471559777,0.0033766814640590124,0.2869707143972769,0.04035482340076434,2.7759677418473583,0.4907699323835827,0.00039944333258972624,0.9996839638318699,0.9982532144095307,0.9976477766298656
64,0.00025,0.0021228386896081654,0.0016826450824737548,0.1155683540364082,0.026063295542037963,1.307403654279844,0.25729170725459144,0.0002479709900408937,0.9998761839458543,0.9997227383286327,0.9995290396666302,0.0014150654510017115,0.0009353910173688616,0.2787810661212913,0.039619478953521955,2.726425198358702,0.46315771483239676,0.00038522726624194096,0.9999487296674991,0.9983514921025106,0.997730987346335
65,0.00025,0.0016253833242586859,0.0011639441762651716,0.11322630004274586,0.025602555945047043,1.3442864709138025,0.252948684990406,0.0002435080415113881,0.9999274136061496,0.9997338621780596,0.9995020926048085,0.002281464478009626,0.0018339770180838448,0.2880739827754542,0.040669247336232686,2.7875773658011123,0.5113020278158642,0.00040135189209561557,0.9998667275133523,0.9982397572640391,0.9976280603916025
66,0.00025,0.0014253272075593706,0.0010731296879904612,0.11356406596741389,0.02559014338711023,1.3527926556968064,0.25959334401857287,0.00023954812908674023,0.9999441817256159,0.999732271974533,0.9994957714977498,0.0025739434800013884,0.0023421696254185267,0.27868830887395046,0.03936383782630197,2.696334723291587,0.4571189630599249,0.00038467446186890206,0.9998303667077822,0.998352589048937,0.9977807953283995
67,0.00025,0.001897606739098477,0.0014752541269574847,0.11398392509609712,0.02595764210357856,1.3435340371166065,0.27198735702605475,0.0002468069574820707,0.9999010640263176,0.9997302886810417,0.9995026498130638,0.0015032727225582994,0.0009829725537981305,0.27930728374719793,0.03923481473195478,2.699842220192203,0.46846906741460165,0.00038246765754630966,0.999942138640615,0.9983452628857008,0.9977750177403703
68,0.00025,0.0016566176182310072,0.001300488199506487,0.11138363825987894,0.025218568254160682,1.345646803391304,0.2577865719085648,0.0002450148677124032,0.9999245969257884,0.9997424540222368,0.9995010843926756,0.001575783644227454,0.0008985042572021484,0.27718712154257735,0.03954888814650242,2.723587057632734,0.47488065220060804,0.0003856726768436955,0.999936422088814,0.9983702890838494,0.9977357086809818
69,0.00025,0.002126015658757602,0.0015764645167759487,0.1160028778025554,0.02618056191307194,1.363836750603889,0.2671302271740777,0.0002494446716897463,0.9998758126605262,0.9997206494731592,0.9994875048978576,0.0035292413811703993,0.003374760491507394,0.290289458822823,0.04118310139988953,2.812535356723222,0.507635692187718,0.0004105228454651903,0.9996810843703026,0.9982125782090406,0.9975853969830608
70,0.00025,0.0021939207058568927,0.0017376525061471122,0.11575758511576477,0.026278703334883823,1.3278794493199462,0.2560174554586411,0.00024861135072961005,0.9998677534921679,0.9997218296177587,0.9995141723539646,0.002122207446811184,0.0019205638340541295,0.28086610837176745,0.039687318637560996,2.7246165547469197,0.4840330870378585,0.0003890742176671817,0.9998846842184544,0.9983267411685584,0.9977339965151141
71,0.00025,0.0016020032828335021,0.0012235803263528006,0.11201994118657908,0.025747054363884015,1.3159624146721183,0.2615161909943535,0.00023962151508068733,0.9999294869676454,0.9997395030551758,0.9995228533263548,0.0024365436456016357,0.002166557312011719,0.2797487001839123,0.03979421313266334,2.730837685120647,0.4819969421341306,0.0003913001911409235,0.9998479937416247,0.998340028474242,0.9977236370615545
72,0.00025,0.0018891436388699043,0.0014756977558135985,0.11467809299509073,0.02627134867465471,1.3461684532349434,0.2691288427228019,0.0002525844573313602,0.9999019439866756,0.9997269935611268,0.9995006974879607,0.00150516372289241,0.0008489336286272321,0.27654561617762546,0.04016665870663505,2.711498613462063,0.4607380140395392,0.00039089814411410215,0.9999419929788643,0.9983778237326411,0.9977557638823804
73,0.00025,0.0018895344664212397,0.0015072218009403774,0.10976675963129674,0.025116340505189617,1.32761138657751,0.25165851953483764,0.00023665719666980423,0.9999019036224132,0.9997498769934401,0.9995143684760408,0.0017142747865110189,0.0013794285910470145,0.277891071806807,0.039478670954079496,2.7126955958194263,0.4695610176949274,0.0003847298130923112,0.9999247556398145,0.9983620008482874,0.9977537820650532
74,0.00025,0.0019546724656540814,0.001685687473842076,0.11274381561736017,0.025539619281919248,1.2855664372585778,0.2512086487951733,0.00024031503348924486,0.9998950238881589,0.999736125496848,0.9995446409261537,0.0028031481692074194,0.0026027406964983257,0.2758561959830767,0.038760140616313964,2.6910208966227858,0.45173946704183304,0.0003796396817435581,0.9997988105574949,0.9983859018293862,0.997789533560387
75,0.00025,0.0020127428595459324,0.0015650723661695207,0.11441719727107431,0.025681088258760282,1.3274907067255568,0.2539206181253706,0.0002440782946395562,0.9998886936055688,0.9997282343423345,0.9995144567453539,0.001775380106828306,0.0013574327741350447,0.27942147836601244,0.03919541753000683,2.6974613553146125,0.4580528159936269,0.00038100459196275296,0.9999192958668537,0.9983439095016681,0.9977789403351472
76,0.00025,0.00140810963616532,0.0010369488171168735,0.11105747872692222,0.025189556853076448,1.2994346191332613,0.2513518676161766,0.0002387054637280731,0.9999455224082452,0.9997439601470212,0.9995347634740797,0.0016670889635112022,0.001315437044416155,0.27816609121000396,0.039720058894132416,2.694615698577608,0.44820173042161127,0.0003855904273276817,0.9999288408697462,0.9983587570941351,0.9977836240448136
77,0.00025,0.0012664525604887972,0.00092713577406747,0.10807487137517369,0.024677079405237293,1.303469482685309,0.2502038300746963,0.0002311701461643127,0.9999559319060546,0.9997575280993517,0.9995318697752454,0.0020224061142126186,0.001758847917829241,0.2776149104660439,0.038889816925085814,2.6935048441744076,0.449290745031266,0.00037901976036032974,0.9998952751329635,0.9983652546695801,0.9977854510207242
78,0.00025,0.0015106580469398095,0.0011757876191820418,0.10907362792113384,0.025064947977818282,1.341388674946292,0.2622899665009408,0.0002352167451130559,0.9999372995055522,0.9997530258547496,0.9995042368861279,0.0021959751928235702,0.001954085486275809,0.2771278486626677,0.039525184132143135,2.7255808548509664,0.4793153819583711,0.00038767865455358535,0.9998765281549375,0.9983709860928305,0.9977323923822579
79,0.00025,0.0013296812697065831,0.0010105984551565987,0.10778251870389942,0.024466022476163425,1.2652812251195054,0.24408506729773113,0.0002304955122585852,0.9999514223410535,0.9997588381437198,0.9995588979664616,0.0014829278119359805,0.000876474380493164,0.27714079956795357,0.03952837923631478,2.6914354295273917,0.45250702443576996,0.00038331379362104045,0.9999436942044352,0.9983708336910987,0.9977888527542547
80,0.00025,0.0019096702561949173,0.0014827166284833635,0.11149833854627596,0.02534161495587611,1.3361530931494043,0.25377965172131856,0.0002400212479616357,0.9998998014446074,0.999741923325578,0.999508099357602,0.001358056819235394,0.0008011681692940848,0.281703817861095,0.03961829681035358,2.7239599673195856,0.45326511065165204,0.0003848336459379375,0.9999527775016942,0.9983167445976628,0.9977350885741023
81,0.000125,0.001227388808392806,0.0009558234895978655,0.1072825445669249,0.024205853034052958,1.2388725627568544,0.2389802580788022,0.00022681297667892457,0.9999586085011983,0.9997610703219858,0.9995771189633366,0.001443963864838373,0.0008172375815255302,0.27890972412270587,0.039456276679938694,2.6753690624488042,0.45452295740445453,0.0003836343433453572,0.9999466142032363,0.9983499702750614,0.9978151723071292
82,0.000125,0.001484157874674185,0.001087963581085205,0.10883581551181806,0.024701854514750793,1.3003609916117371,0.2430096169312795,0.00023061314751443465,0.9999394787062879,0.9997541016430571,0.9995340998956896,0.001284653391636498,0.0007275581359863281,0.27501654866668074,0.03898598488021947,2.6895627314180346,0.4656980188119979,0.0003797478524827132,0.9999577443278688,0.9983957127138177,0.9977919285573222
83,0.000125,0.0013695410900347457,0.0011296272277832031,0.10621762752483767,0.024134232547423126,1.2370558434816716,0.23856775221370516,0.00022050601424833922,0.999948465880043,0.9997657901537439,0.9995783583183964,0.0017652199507920208,0.00142148562840053,0.2737156146265106,0.03854814406086064,2.6594572884692096,0.44984069849763597,0.00037602378846505265,0.9999202169319569,0.9984108544804218,0.99784108366843
84,0.000125,0.0010295844147285552,0.0007150701114109584,0.10463602688821848,0.023794851783249114,1.2477875694191232,0.23411051137816338,0.0002239297756378846,0.9999708749769048,0.9997727130795988,0.999571010891903,0.0013197362178837518,0.0006975718906947545,0.2721784603535546,0.03827879020253067,2.6770292084378524,0.4514827163446517,0.00037234684527624675,0.9999554048787447,0.9984286534310284,0.9978124600396538
85,0.000125,0.0011240496891118073,0.0008095196315220424,0.10519939940301642,0.02387480848162304,1.2558096638748162,0.234762298706032,0.00022330281913618573,0.9999652849269246,0.9997702590057225,0.9995654771985448,0.0013753432926310253,0.0007719312395368304,0.2746747815435614,0.03933198796878071,2.7115557416749616,0.456767467657725,0.0003817030362620875,0.9999515676763213,0.9983996975896802,0.9977556693597007
86,0.000125,0.0012928005549585914,0.0009562322071620396,0.10567340815975719,0.024217334698955966,1.2704220544404448,0.2519535684869403,0.0002304772213043894,0.9999540794094058,0.9997681840082895,0.9995553062955198,0.0014074079917114222,0.0007516724722726005,0.2709762694737698,0.038135802580250636,2.664036459689648,0.4447393672806876,0.0003706981291869877,0.9999492830528257,0.9984425036540513,0.9978336425183679
87,0.000125,0.0011942784563975346,0.000828648465020316,0.10472739739976215,0.023855931131438638,1.262667279042388,0.23534350324244727,0.0002245576146189998,0.999960811592978,0.9997723159587473,0.9995607186280672,0.0013802623006213528,0.0007017544337681362,0.27392027826985094,0.0386207314204245,2.6589664214004305,0.4491972855159215,0.0003753554368125833,0.9999512206138427,0.9984084773402495,0.9978418805273903
88,0.000125,0.0011656728456182913,0.0008532983916146415,0.10514646450870091,0.023902814483867503,1.2221527961171035,0.23228908951083818,0.0002242893944512129,0.999962666848991,0.9997704901479008,0.9995884563219599,0.0014184405189122693,0.0008508886609758649,0.27000027362829765,0.03826906834289713,2.6563948683142398,0.4709516843159994,0.000373994205811338,0.9999484848064385,0.9984537030031075,0.9978460527665496
89,0.000125,0.001167376822653682,0.0008197282041822161,0.10588724633607541,0.023981806554634368,1.2175052610508275,0.23244158164376305,0.00022481841005344452,0.9999625574936111,0.9997672448668139,0.9995915803556976,0.0013760443565434982,0.0007457256317138672,0.2725916150609296,0.03886326449284763,2.658380114334072,0.44552388801461174,0.0003756706402920902,0.9999515182882037,0.9984238792852271,0.9978428322253629
90,0.000125,0.0009641583834486566,0.000625957761492048,0.10436145059249255,0.023735216906610526,1.232727386502841,0.23457235800368445,0.00022072239344652188,0.9999744589088166,0.9997739043656378,0.9995813038090402,0.001365015977047012,0.0007821832384381976,0.27139721800086464,0.03863015866192132,2.6548109324890374,0.44956538762365067,0.00037485803730413005,0.9999522922925075,0.998437661018354,0.9978486208082963
91,0.000125,0.0010224640463553716,0.0007321860109056745,0.10332217840295625,0.023625887243127922,1.2492193641667904,0.23475802271139054,0.00021626155782053047,0.9999712761874388,0.9997783850446245,0.9995700258382932,0.0015355756586571023,0.0009345258985246931,0.2702094590824875,0.03823305200199661,2.6519841302892955,0.44404515851111637,0.0003714910636121734,0.9999396252261573,0.9984513060940415,0.997853199897184
92,0.000125,0.0011499278884863368,0.0008133385862622942,0.10399443213256987,0.023886053317247948,1.2338099916725347,0.23914147764444352,0.00022266127828738392,0.9999636685884215,0.9997754918379366,0.9995805680550487,0.0015927051922015603,0.0012451171875,0.27606781083271614,0.03879329220116513,2.685130187903502,0.46059151320230396,0.0003787337125918258,0.9999350492948867,0.9983834243695029,0.9977992007593903
93,0.000125,0.001181469496107271,0.0008187421730586461,0.10432963621051634,0.023830888656200352,1.2213279115291304,0.2331891704173315,0.00022089603396341318,0.9999616477635412,0.9997740421976202,0.9995890116701944,0.0015794703487630138,0.0009103161948067802,0.2694230090997759,0.03815664333023865,2.6532935554498693,0.4489381653921945,0.0003712926251799647,0.999936124246953,0.9984603081057167,0.9978510794466929
94,0.000125,0.0012174320168626387,0.0008240818977355957,0.10372634250239453,0.02369502869354604,1.2390073865050555,0.23444862564404806,0.00022076907929296602,0.999959277433266,0.999776647869712,0.9995770269311618,0.001558067429870943,0.0010364055633544922,0.2689555999106593,0.038368681152849075,2.649089667187166,0.4480725084032331,0.00037235714366128526,0.9999378436395321,0.998465645587152,0.9978578835015521
95,0.000125,0.0011378604561004637,0.0007271323885236468,0.10421623783239965,0.023939709145911585,1.251721634641844,0.24103003229413714,0.00021916197654200332,0.9999644266937009,0.9997745331231959,0.9995683015773025,0.0017406113745248141,0.0013898372650146484,0.26878261871731207,0.03851627433512446,2.6572760658221344,0.4607551356156667,0.0003762767973311535,0.999922425905854,0.9984676186255058,0.9978446236475257
96,0.000125,0.0014293835325694922,0.0010580216135297504,0.10325940285068845,0.02379781096408327,1.233278056730277,0.24055123194342568,0.00021988869927320461,0.9999438634964775,0.999778654251696,0.9995809296414373,0.0014482793909300815,0.0007223810468401227,0.2689777912098049,0.03815156027705914,2.6591114837367833,0.44713268549669355,0.00037094628753108177,0.9999462946217279,0.9984653925838822,0.9978416450909201
97,0.000125,0.0014489382824769278,0.0011356949806213378,0.10336413482388726,0.023715551255321602,1.206918952281805,0.23127898850611278,0.00022099692581567914,0.9999423177451959,0.9997782050169084,0.99959865196315,0.0019948458435045885,0.0016971996852329799,0.2652493558902219,0.038377992215271516,2.6236061557805015,0.4485640698955173,0.0003730152494065603,0.9998981099538806,0.9985076415164322,0.9978988984610304
98,0.000125,0.0013358390377450795,0.0010736516543797085,0.10455766933907028,0.02398000627881076,1.2577584673082838,0.24093525509039562,0.00022398076066750555,0.9999509712985288,0.999773053363869,0.9995641275236359,0.0018137085853486563,0.0014648301260811942,0.2696571990817532,0.038330054023855635,2.669017351420646,0.4663343736103603,0.00037552025295850756,0.9999157736276307,0.998457630225558,0.9978255343094831
99,0.000125,0.001251956056316314,0.0009620223726545061,0.10327230982650709,0.023663079428566578,1.1996491444008475,0.22785142021519797,0.00021704749219704156,0.9999569352219787,0.9997785989138442,0.9996034723881039,0.0015482719817571566,0.0009281430925641741,0.2658512483757885,0.038192029386383934,2.66848037518058,0.45092549721399944,0.0003708661807411318,0.9999386227271351,0.9985008610334279,0.9978264091668457
100,0.000125,0.0012838859468909793,0.0010104409285954068,0.1030569325001829,0.023633683846181794,1.2363962507880923,0.24019577304522197,0.00022337179679303583,0.9999547101589743,0.9997795214246721,0.9995788078360824,0.0016602546227281448,0.0011586529867989677,0.26573712803946453,0.03801649663620775,2.6337223086749693,0.4471602901106789,0.0003700017721277188,0.999929423116878,0.9985021477755244,0.9978826642007582
101,0.000125,0.0010420655750954348,0.0007173257214682443,0.10277925287344736,0.0236532277577953,1.2399991087906705,0.23112436802614303,0.00021740910379526213,0.999970164251823,0.9997807079578225,0.9995763495526242,0.0014275598217384157,0.0008499009268624442,0.2678576536828483,0.03815388993459678,2.653040231144512,0.44854873702639625,0.00037169755610957765,0.999947820283979,0.9984781472257984,0.9978514898696719
102,0.000125,0.0017458746273904425,0.001324239798954555,0.10371148982555002,0.023967384550119097,1.2148661650384525,0.2407161846047356,0.00022292972185687174,0.9999162528025037,0.9997767118359719,0.999593349040942,0.0014944630504874195,0.0007606370108468192,0.2690558211343059,0.03819579234350652,2.6384116888469187,0.44817345568111966,0.00037210106955778125,0.9999428148266102,0.9984645018188241,0.9978751175659265
103,0.000125,0.0012309061376423764,0.0008609601429530552,0.10256558504685283,0.023637308061622724,1.2025658150649403,0.2303306152423223,0.00021752235526102076,0.9999583709922992,0.999781618779692,0.9996015419017625,0.0022223298303901224,0.0020066261291503905,0.2706435132134836,0.03856041091855467,2.656584615988591,0.4444200717267536,0.0003742196032605231,0.9998735467166717,0.9984463265071043,0.9978457451864637
104,6.25e-05,0.0010355696043141667,0.0007370173931121826,0.10168623231071569,0.023121790569939453,1.1984453854876047,0.2248645903099151,0.00021408242525764565,0.9999705351199066,0.9997853473342008,0.9996042677675785,0.0013748803384173386,0.000713763918195452,0.2691539930539438,0.03835377262698279,2.6451162522328477,0.45866603397187733,0.00037314263070394797,0.9999516002764361,0.9984633812785475,0.9978643046905291
105,6.25e-05,0.0009975705555635495,0.0006672876221793039,0.10113784571664128,0.02306341299830118,1.2079357794931338,0.22560959862811225,0.0002174899288139451,0.9999726578992923,0.9997876563112745,0.9995979753951516,0.0013801025858450726,0.0007298265184674945,0.26792911460412133,0.037861552300318235,2.6477490688192775,0.4457582774616423,0.000368789632798578,0.999951231902042,0.998477335253902,0.9978600511517507
106,6.25e-05,0.0009797121305739087,0.0006355243069784982,0.10030228131527637,0.022846513336028444,1.1990749787285226,0.22282426818495704,0.00021152631538049198,0.9999736280318264,0.9997911504267787,0.9996038518560475,0.0014906785720896275,0.0008083411625453404,0.26859271836503057,0.038031527198523096,2.6313810643845943,0.45189087390899657,0.0003704269156474993,0.9999431040837243,0.9984697833032226,0.997886426899481
107,6.25e-05,0.0010204091857669384,0.0007184505462646485,0.10095880272799436,0.023011584303476527,1.2036942599062086,0.22424543063555444,0.00021233145133788458,0.9999713916998839,0.9997884074647747,0.9996007937761398,0.0014208270894134085,0.0008435862404959542,0.2678360559346001,0.03792145280499378,2.648850511477239,0.4454129905927749,0.0003686145634304694,0.9999483113087574,0.9984783926640047,0.9978582703147356
108,6.25e-05,0.0009126997608273584,0.0005953124591282435,0.10031102448898445,0.022873352049406718,1.1766248852578574,0.22093760420878727,0.00021022229793649672,0.9999771122636627,0.9997911140166421,0.9996185470209396,0.001402866621506752,0.000796788079398019,0.2677181983515741,0.03781640754555756,2.636318634394336,0.44322386667841956,0.00036789356527037857,0.9999496098277668,0.9984797315837667,0.9978784876346916
109,6.25e-05,0.0009755126577847949,0.0006662487983703613,0.10035971649050558,0.022789431919404295,1.184428434149734,0.22187174367053167,0.00021303866483205118,0.9999738538242163,0.9997909111846777,0.9996134705385323,0.0015526546185530502,0.0009998117174421037,0.26739176595946623,0.037809726717711996,2.635569945938342,0.44333062228702363,0.00036784979412876357,0.9999382747585431,0.9984834367517118,0.9978796922939229
110,3.125e-05,0.0009440607876399713,0.0006177425384521484,0.09979800027504053,0.022641655194340762,1.1832521842880173,0.21780149042606353,0.0002093375360031392,0.999975512417542,0.9997932451793058,0.9996142378875708,0.0014365527255231231,0.0008488995688302176,0.26686998633018477,0.03769930045997072,2.6390419518884705,0.44197954819315954,0.0003669636138548387,0.9999471608017376,0.9984893496232419,0.9978741023267222
111,3.125e-05,0.0008550987602263364,0.0005655944347381592,0.10003230889462744,0.02265968751279438,1.1791995625240137,0.2182492956519127,0.00020953959233906968,0.9999799101695921,0.9997922731932654,0.9996168758273072,0.0014147340645397095,0.0007986273084368025,0.2678887554088876,0.037871594152235635,2.64143526972653,0.4439096294698261,0.0003682583788684547,0.9999487536781265,0.9984777939145351,0.9978702446862389
112,3.125e-05,0.0009139712932258523,0.0006117641925811768,0.099747630870251,0.022625401893345564,1.1746897179474234,0.21769431751398813,0.0002085155208951132,0.9999770486167239,0.999793453831081,0.9996198007465936,0.0014652290152031924,0.0009007862636021205,0.2670645614081094,0.03771151916223502,2.641972369491436,0.44211928645769755,0.00036710298983564374,0.9999450302073389,0.9984871460634894,0.99786937843948
113,3.125e-05,0.0009244732245241663,0.0006084774221692766,0.09961591399889266,0.022611190406781324,1.1817296478083292,0.2174545475414821,0.00020698035053323696,0.9999765182117807,0.999793998956063,0.9996152299943365,0.0014501929195858453,0.000853729248046875,0.26687434714083497,0.0377556027715686,2.6391074833201795,0.44237571159998573,0.00036731856183387716,0.9999461526122913,0.9984893002610299,0.9978739965307691
114,3.125e-05,0.0009060286804313504,0.0006004171712057931,0.09966242305509429,0.022615797559982574,1.1815181077316677,0.2175618141179993,0.00021049078320324304,0.9999774454886413,0.9997938065561405,0.9996153677459885,0.0014554497028009226,0.0008751392364501953,0.26710046072076155,0.03766575774306771,2.6358643534733175,0.44353035745166597,0.0003669885819522279,0.9999457615235231,0.9984867394400103,0.9978792187818025
115,3.125e-05,0.0008907294854076571,0.0005701414176395961,0.09957267551406798,0.02262469330330065,1.1766125443840758,0.21796891611246835,0.0002116973007096184,0.9999782011052183,0.9997941777499464,0.9996185550351377,0.001425384181501099,0.0007198129381452288,0.26679140580981586,0.03770430061177388,2.6336810834406954,0.44148823136375065,0.0003667985855915074,0.9999479792094138,0.9984902391704147,0.997882730526105
116,1.5625e-05,0.0008806259209943257,0.0005286744662693568,0.09945135416361392,0.022511268561741092,1.1779858219984642,0.21742016233149028,0.00020729420812900962,0.9999786927119884,0.9997946790109901,0.9996176641408605,0.0014038675828295705,0.0007215704236711775,0.26717102492647304,0.037720999916706945,2.63880778629537,0.44198748838333857,0.0003671514401290526,0.9999495378941888,0.9984859395780176,0.9978744795575761
117,1.5625e-05,0.0008859981232447303,0.0005468385560171944,0.09936442196791409,0.022488843442665205,1.177926383309899,0.2156381103964079,0.0002115184404795595,0.9999784319999689,0.9997950377940172,0.9996177026909399,0.0014225893377398393,0.0007636887686593192,0.2665714922979689,0.03767723446434649,2.6365923691792594,0.44147422427222843,0.0003666675718837572,0.9999481830105308,0.998492727104204,0.9978780471033851
118,1.5625e-05,0.0008787244776896485,0.0005295821598597935,0.09931438548638491,0.022481171418161014,1.1731076975561268,0.21603855419726598,0.00020710279639219413,0.999978784671636,0.9997952441658587,0.9996208241236096,0.0014432232770474197,0.0007461002894810268,0.2667691555407952,0.0377006483121738,2.6324443346874045,0.4430793177513849,0.00036727169366574546,0.9999466689507702,0.998490490979638,0.9978847185270444
119,1.5625e-05,0.0008597328078132253,0.0005292253834860665,0.09937539477919533,0.022507789007835167,1.1761793511819978,0.21781258434057235,0.00020927567566498135,0.9999796918271773,0.9997949925234219,0.9996188358481537,0.001461302641562336,0.0008943966456821987,0.2670589854943768,0.037692166880491644,2.6381433119499658,0.4423750468662807,0.000367189741928592,0.9999453244176778,0.9984872091984349,0.9978755498114907
120,1.5625e-05,0.0008511362468864461,0.0005532818181174142,0.09931195597325482,0.02249588697477082,1.1720288801887617,0.21576649915604365,0.0002075409471949245,0.9999800960159907,0.9997952541897882,0.999621521206402,0.0013770348152679062,0.0006848743983677455,0.2660782793013571,0.03765710981355773,2.6398812324366907,0.4439701603991645,0.00036648418234916694,0.9999514484700819,0.998498299374295,0.9978727498558084
121,1.5625e-05,0.0008966038397827876,0.0005434002195085798,0.09921367938563821,0.022471909797838273,1.1775108767219498,0.21580927677097775,0.00021038310616513302,0.999977912636797,0.9997956592054652,0.9996179723668802,0.0014090956268391947,0.0007187979561941964,0.266349741682653,0.03765898330656488,2.6359217772805135,0.44139909006300426,0.00036646655880544026,0.9999491613496395,0.9984952337716603,0.9978791263716494
122,1e-05,0.0008468769513507565,0.0005062920706612723,0.09913686320651019,0.02244002699648934,1.1720401195954655,0.2150992765313103,0.00020572507359148469,0.9999802947663409,0.9997959755073171,0.9996215139334527,0.0013991242175603671,0.000692612784249442,0.266182380814812,0.03764584785487417,2.634706290640512,0.4435649900209336,0.0003665837210064637,0.9999498783192116,0.9984971241207888,0.9978810816973054
123,1e-05,0.0008403953582594765,0.0005047798156738281,0.09912775582249787,0.022435455530319573,1.1731337549154879,0.214265990399179,0.00020783952246339202,0.9999805948872145,0.9997960129929953,0.9996208072684101,0.0014151915946315052,0.0007570607321602958,0.26611550013740237,0.037642246162991354,2.635073064047912,0.4412248004050482,0.000366342441030838,0.9999487205262766,0.9984978792787338,0.9978804918629549
124,1e-05,0.0008494013726444846,0.0004995482308523995,0.09910184273762648,0.022409507176942296,1.1754023055574856,0.2152350964290755,0.00020611148278778404,0.9999801769631388,0.9997961196209182,0.9996193393356558,0.0014022235782471114,0.0007273060934884207,0.2662905872116528,0.03764729637582347,2.636568902738003,0.44103244784332457,0.00036635559615553527,0.9999496560126766,0.9984959020273545,0.9978780849069597
125,1e-05,0.0008459400854536115,0.0005050029073442731,0.09918134330988353,0.02242198006974326,1.1702762476343591,0.21393340677022935,0.00020922755006234136,0.9999803384841981,0.9997957923806303,0.9996226522826976,0.0014035569775883872,0.0007250717708042689,0.265836014592303,0.037600539234199364,2.633841735973465,0.4409735989002954,0.00036600367895169304,0.9999495602211673,0.9985010327985478,0.9978824722563687
126,1e-05,0.0008566953804676833,0.0005131304264068603,0.09915344836680152,0.02241946595176211,1.1750199654773044,0.21446959631783621,0.00021132223596967897,0.9999798350122062,0.9997959072315503,0.9996195869314616,0.0013940003020965611,0.0007141930716378348,0.2659531856522244,0.037611219102606584,2.6331893328206997,0.4410328121412368,0.00036610942079120276,0.999950244761285,0.9984997109952896,0.99788352104193
127,1e-05,0.000840021109569942,0.0004863577229636056,0.09910731340113306,0.02240869421629036,1.1725554121277677,0.21499119862204508,0.00020684171706797575,0.9999806122869036,0.9997960971165625,0.9996211810569888,0.0014006324184699247,0.0007280826568603516,0.26624976941568507,0.037637796948041057,2.637179569766634,0.4436008609476544,0.00036654397074623073,0.9999497702025668,0.9984963631295743,0.9978771016769736
128,1e-05,0.0008431675445621174,0.000502070358821324,0.09909017560782853,0.02243305848563867,1.1695983455865429,0.2149262113230569,0.00020634972225335395,0.9999804667924838,0.9997961676260643,0.9996230893299359,0.0013977852383566607,0.0006926877158028739,0.2659467694510448,0.03760876725242323,2.6336576472550597,0.44110232251031056,0.0003661091364661691,0.999949974207445,0.9984997834239261,0.9978827680729808
129,1e-05,0.0008449341860075673,0.0005119664328438895,0.09904157913364452,0.022404330233951535,1.1728903873261614,0.21445441721450714,0.00020543051331503646,0.9999803849835229,0.9997963675134685,0.9996209645893331,0.0013826829912015467,0.0006956713540213448,0.26610765524495433,0.03759328208754398,2.634449882821595,0.4412711265541258,0.00036595554599153324,0.9999510493661833,0.9984979679681959,0.9978814941487607
130,1e-05,0.0008478658602145328,0.0005124585969107492,0.09907372166540213,0.02241766339937221,1.1704124357334427,0.21438559208597455,0.00020633486410283046,0.999980248681093,0.9997962353109594,0.9996225644623118,0.0014045714184987522,0.0007223061152866908,0.26533721003872346,0.03753069828828676,2.633278682731514,0.4410844896520887,0.00036543314628400165,0.9999494872826729,0.9985066528948406,0.9978833775471481
131,1e-05,0.0008346229544883655,0.0004909694194793701,0.09903089488170917,0.022397983344798943,1.1729529750663148,0.21395231460531552,0.0002054028859421026,0.999980860981535,0.9997964114379385,0.9996209241403796,0.0013830080701690472,0.0006912708282470703,0.2657024919426096,0.037593190978033236,2.6357724509008293,0.4436071038246155,0.0003660563652749084,0.9999510263461675,0.9985025382705244,0.9978793666221407
132,1e-05,0.0008417580870132057,0.0004996716976165772,0.09902234143724137,0.022420440181558737,1.1706495849387257,0.21437475553580693,0.0002082101706310888,0.9999805322153801,0.9997964466017516,0.9996224114912561,0.0013924974524557935,0.0007060868399483817,0.26576485275882744,0.03759245154305324,2.6343977678537196,0.44100062222707836,0.0003658247494060636,0.9999503519841254,0.998501835182442,0.9978815780781377
133,1e-05,0.0008403065673648746,0.0004921325615474156,0.09893421477777377,0.02239722722606339,1.1735211865018516,0.21500162141663687,0.00020092565224942,0.9999805990933909,0.999796808753059,0.9996205567799701,0.0014057614764051774,0.0007064683096749442,0.2660969440922864,0.03765708559526587,2.634191233438293,0.4412095313980466,0.00036631188862922193,0.9999494016501105,0.9984980887891922,0.9978819101478973
134,1e-05,0.0008430615437252781,0.0005030768258231027,0.09892755831523219,0.022404884786757034,1.1688226477832413,0.21389546011175428,0.00020703840769385805,0.9999804718101462,0.9997968360999817,0.9996235891099795,0.0013969642499273669,0.0006960255759102958,0.26522387334338976,0.03753468748064911,2.634638303907939,0.44209252028238205,0.00036534608804282066,0.9999500329554334,0.99850792830521,0.9978811911642371
135,1e-05,0.0008382497643325251,0.0005061720098767961,0.09893863141517084,0.022388040898387286,1.1724271556816777,0.21480055706841605,0.00020681503432547286,0.9999806940928067,0.9997967906107156,0.9996212639353338,0.0014018295821677192,0.0007165772574288504,0.2653400246631086,0.0375366580420695,2.632659874373582,0.44063611513092404,0.0003654008925999758,0.9999496842999587,0.9985066210471697,0.9978843721104156
136,1e-05,0.0008944808854444748,0.0005355886050633021,0.09896883705561405,0.022404753366793727,1.175367613704221,0.2155101332281317,0.00020486496960011533,0.9999780168162961,0.9997966665217141,0.9996193617916442,0.0014451720669572698,0.0007947513035365514,0.2656183650727812,0.03762208076049447,2.6342642317447735,0.4418256782350086,0.00036631661695474174,0.9999465248272913,0.9985034861534254,0.9978817928395161
137,1e-05,0.0008679290595440912,0.0005355877535683768,0.09889054156990205,0.0223998512518231,1.1681900928286928,0.2142428720990817,0.0002060076142609952,0.9999793027258945,0.9997969881127347,0.9996239964279213,0.0013825536254172862,0.0007055282592773437,0.26570050290410774,0.03756918036525354,2.636199231308782,0.44124607784407477,0.00036577296775703867,0.9999510585255365,0.9985025605388143,0.9978786796918843
138,1e-05,0.0008420814670887996,0.000511033194405692,0.09891156689358467,0.022377123771161155,1.1709111911684056,0.2150669236977895,0.00020877969158763273,0.9999805173085904,0.9997969017732834,0.9996222427132196,0.0013931105230879461,0.0006948607308523996,0.2655557646068619,0.03756651262785904,2.6326597185182306,0.44112154869806197,0.0003656621128367179,0.999950308257739,0.998504191655445,0.9978843723504474
139,1e-05,0.0008386441932121865,0.0004981926509312221,0.09889852179299088,0.02238035377357116,1.1693627951944017,0.21427286771081744,0.00020499125677620863,0.9999806757831493,0.9997969553488361,0.9996232411574032,0.001393005350523262,0.000715705326625279,0.2657757712848478,0.03764793450165095,2.6325783391956334,0.44047361271721974,0.00036622939167683754,0.9999503157603895,0.9985017121756823,0.9978845032640621
140,1e-05,0.000850381067881521,0.0004848769732883998,0.09892259100907304,0.022387815479275066,1.1697188119727304,0.21375440699713572,0.00020866602998408928,0.9999801312328213,0.9997968564971998,0.9996230116987205,0.0013764319330187927,0.0006975105830601283,0.26522837667349203,0.037551402202192344,2.6385640311592704,0.44277775826908294,0.0003655771595518015,0.9999514909736522,0.9985078775448553,0.9978748721907827
141,1e-05,0.0008576846895101357,0.0005097389221191406,0.09883205466438592,0.02239098738433805,1.1783153116507996,0.21486826333261672,0.0002121446848117817,0.9999797883669961,0.9997972281711932,0.9996174501889287,0.001403759775401331,0.0006879874638148716,0.2658991130381165,0.037655051321228594,2.6325137488354566,0.44115900766281857,0.00036634203894853577,0.9999495456441804,0.9985003211614386,0.9978846070529493
142,1e-05,0.0008378177727259969,0.0005125463008880615,0.09885444253481925,0.02238158424398559,1.1647456671831622,0.2142965074096407,0.00020656219915125414,0.9999807138579978,0.9997971362986404,0.9996262104606434,0.0013975300926332278,0.0007095541272844587,0.2653348103578425,0.037579278893128384,2.63260733782189,0.4410010034129733,0.0003657933912189214,0.9999499924687655,0.9985066798313562,0.9978844566967285
143,1e-05,0.0008524265908980818,0.00048304285321916854,0.09886417068133276,0.022366328942013486,1.16489258694911,0.21352714669136774,0.0002075638890999991,0.999980035556176,0.9997970963645239,0.9996261161564568,0.0013961489952503269,0.0007023743220738002,0.26508887886742394,0.03754836774628367,2.6355406571306235,0.4433212996948333,0.0003656562704357056,0.999950091258973,0.9985094467658712,0.9978797395152033
144,1e-05,0.0008311805952381289,0.0005029363291604178,0.09880861671271339,0.022377494109532867,1.1680942326172354,0.21440858862229756,0.00020525665737131606,0.9999810183896419,0.9997973243318933,0.9996240581328155,0.001443801260765841,0.0007874148232596261,0.2661826923716852,0.0376780874777265,2.62995305102367,0.4418795457908085,0.00036683033296355913,0.9999466262260569,0.9984971207337633,0.9978887205192505
145,1e-05,0.0008580090568029102,0.0005317798682621547,0.09884095545965521,0.022371538186473167,1.1679021343821403,0.2136070708433787,0.00020186754771478785,0.9999797731851437,0.9997971916449698,0.999624181775823,0.0013911447716072676,0.000712442398071289,0.2657185945523807,0.03757731625087856,2.6368354955390116,0.4430540504909697,0.0003658629028754174,0.9999504483940704,0.9985023567734294,0.9978776557406119
146,1e-05,0.0008673024620169543,0.0005161319460187639,0.0986971069902644,0.022353607594998128,1.1630063714586905,0.21334019941943033,0.00020740062762962045,0.9999793325378266,0.9997977815356891,0.999627325962321,0.0014068375168599368,0.0007036685943603516,0.26535282447266323,0.03755379224535804,2.6294697352992915,0.44041896831421623,0.0003654781137962952,0.9999493241594264,0.9985064769957246,0.9978894962309501
147,1e-05,0.0008359470300861176,0.0005100556782313756,0.0986980345401695,0.022356024336077633,1.1633204587579584,0.21299080976418086,0.0002090456988329054,0.9999808000783605,0.9997977777319196,0.9996271246583702,0.0014096128278287625,0.0006926536560058593,0.26511208514843787,0.0375621867067409,2.6286013827057326,0.4415610344637008,0.0003657410986464053,0.9999491240226827,0.9985091858066735,0.9978908899582509
148,1e-05,0.0008481676199380261,0.0005011899130684989,0.09873833855141827,0.02234170714732986,1.1699609342824062,0.2140883358461516,0.0002047236643685437,0.999980234632474,0.9997976125428728,0.9996228556079941,0.0013786498646532076,0.0006877762930733817,0.2655444015730475,0.0375796592710403,2.635003355738233,0.44079615530513583,0.00036577764503293664,0.9999513345163882,0.9985043195597477,0.997880604021732
149,1e-05,0.0008547642818618616,0.0004926213196345739,0.0986503806230279,0.02233749637438816,1.163507833005492,0.213329088475023,0.00020480878163592868,0.999979925866315,0.9997979729615873,0.9996270045227226,0.0013970067954497045,0.0006937980651855469,0.2654995783777241,0.03757005223938004,2.6323981303654573,0.440630144732339,0.00036563388098323284,0.9999500299118245,0.9985048245552625,0.9978847926848736
150,1e-05,0.0008523209131675287,0.0005131125450134278,0.09869176633394451,0.02233572322601917,1.1644445457796915,0.21330160129637946,0.00020998308003132544,0.9999800405894776,0.9997978034206011,0.9996264036964057,0.001395784504612615,0.0007083211626325335,0.26522697302403814,0.03752527300041927,2.6285315909007183,0.44107032475017366,0.0003653954110895559,0.9999501173147798,0.9985078934551833,0.9978910019439243
151,1e-05,0.0008713285232565174,0.0005546339920588902,0.09870058363799646,0.022361513805151986,1.166435591126347,0.2141913842587244,0.00020952765402124183,0.9999791402136929,0.999797767282715,0.999625125009519,0.0014019169600340906,0.0006969315665108817,0.2649250853228349,0.03752961899280798,2.6294401625268717,0.4406435742264702,0.0003651767415676785,0.9999496780272767,0.9985112881975284,0.9978895436278034
152,1e-05,0.0008514899434216397,0.0005044477326529367,0.0987155240619043,0.022348322782595204,1.164492789827046,0.21313113208327975,0.00020641933862522622,0.9999800793331597,0.9997977060587552,0.999626372755807,0.001393113459752109,0.000695031029837472,0.26500082030645666,0.03753977306421448,2.630146344489456,0.44060080562319076,0.0003653614876457015,0.9999503080482393,0.9985104369111536,0.997888410009107
153,1e-05,0.0008537788373401085,0.0005111839090074812,0.0985892866925105,0.02233542717868302,1.168248693939972,0.21422001116332554,0.00020717352265671706,0.9999799721171209,0.9997982231145764,0.9996239586897161,0.001419795473687503,0.0007371902465820312,0.26513484069479254,0.037532739114773846,2.6355192860787633,0.4433616000981558,0.0003655657373052337,0.9999483863404192,0.9985089296768528,0.997879773928313
154,1e-05,0.0008601136661579193,0.0005274210657392229,0.09867078633840372,0.022369069201516406,1.165231186624128,0.21347036787441798,0.0002131137428364127,0.9999796737542204,0.9997978893727313,0.9996258987869572,0.0014618503688651036,0.0008542810167585101,0.26531743038052497,0.037598752844258676,2.631870376317104,0.44130841351690747,0.000365807343275656,0.9999452834228547,0.9985068754670806,0.9978856410136571
155,1e-05,0.000847702726656526,0.0005252906254359654,0.09851640788241092,0.022322007937188918,1.165337958894334,0.21358148207267125,0.00020672940202340277,0.9999802561199965,0.9997985213169993,0.9996258302057891,0.001405499821671722,0.0006781441824776786,0.2650824931069826,0.03754018802406653,2.630079394345045,0.44090388814608256,0.00036530779927210867,0.9999494204841245,0.9985095185097048,0.997888517464132
156,1e-05,0.0008445620457119648,0.0005070814064570835,0.09868108916518613,0.02237307358400377,1.1669236673349046,0.21434952992768513,0.00020804034032864495,0.9999804021674384,0.9997978471682905,0.9996248112302774,0.0014186604289121245,0.0007037162780761719,0.26514669428041954,0.03758670702045569,2.6342945365289157,0.4420653008279346,0.0003658834690341135,0.9999484688317336,0.9985087964116961,0.9978817440029921
157,1e-05,0.0008524897509171109,0.000517244849886213,0.09856777043932526,0.02235289911819579,1.164800746101434,0.21342685925109045,0.0002048525679582066,0.9999800326186545,0.999798311179616,0.9996261751057335,0.001468967822502045,0.000868088858468192,0.26523410513681905,0.03761775287129844,2.6304222088816087,0.44186731207938423,0.00036596980146321633,0.9999447493179036,0.9985078130489367,0.9978879669784226
158,1e-05,0.0008839464736008725,0.0005587509700230189,0.09848019552107082,0.02234410714803252,1.16336694998929,0.21362676506950742,0.00020470803815005314,0.9999785317186677,0.9997986694035239,0.9996270948555931,0.0014081627366011595,0.0006923879895891462,0.26474046440971194,0.037517741197560066,2.6257131759283783,0.44549678904669626,0.00036556748241733,0.9999492286427035,0.9985133622207351,0.9978955222393556
159,1e-05,0.0008459526119334044,0.0005094434533800397,0.09854815489009906,0.022317487559041137,1.167833623152504,0.21398329702871186,0.0002030730268794027,0.9999803375918903,0.999798391442256,0.9996242258670117,0.0013932826694695107,0.0007125445774623326,0.2650982175468536,0.037533143125240157,2.6302007990548883,0.44144137359800795,0.00036532445970332596,0.9999502959761833,0.9985093417412675,0.9978883225732452
160,1e-05,0.0008447859303475959,0.0005148938723972866,0.09851224518157159,0.022337138816808006,1.1635566400458215,0.21387675184579122,0.00020648697108944296,0.9999803917653396,0.9997985383403816,0.9996269732331386,0.001403791959420418,0.0006823812212262835,0.2656584760783593,0.03760207505346094,2.6329888885470276,0.4408139231659117,0.0003657912317563867,0.9999495433306185,0.9985030343632106,0.9978838433456323
161,1e-05,0.0008442070804031732,0.0005037162985120501,0.09846356722709959,0.022293383603138494,1.1664949210270885,0.21343869112786792,0.00020343833918426364,0.9999804186084044,0.9997987373966084,0.9996250868639991,0.0014142187881426905,0.0007172925131661551,0.2644419413463288,0.037501728009877715,2.6304562516210717,0.4433572959332239,0.0003651741834742476,0.9999487910013408,0.9985167130408138,0.9978879123198287
162,1e-05,0.0008488152294521354,0.0005193803991590227,0.09841723793092065,0.022301118172689555,1.163705006257069,0.2134834432176181,0.00020432742979625932,0.9999802042632919,0.9997989267422054,0.9996268780935746,0.00139859315827402,0.0006851741245814733,0.2653030393928128,0.03756981439091874,2.631325406812531,0.4418983530430567,0.00036568502271987,0.9999499163609125,0.9985070374356528,0.9978865163794141
163,1e-05,0.0008384883105520296,0.000498915570122855,0.09846651632229864,0.022305977481966,1.164860831895484,0.21299050457420804,0.0002067799346456728,0.9999806831091721,0.9997987253307926,0.9996261365385019,0.0013917645458436081,0.0006807327270507812,0.2646017531729448,0.03748167560785322,2.6303632005550184,0.44086488655635286,0.0003647987148871658,0.9999504042323837,0.9985149196644639,0.9978880617656961
164,1e-05,0.0008311563267623054,0.0004955385412488665,0.09849537918919873,0.022303735669428948,1.1564383630656274,0.21241941033374695,0.00020448979402995144,0.9999810193392281,0.9997986073183815,0.9996315233887599,0.0014167253796412375,0.0006849016462053571,0.26519002166561056,0.03756950362985739,2.6276248200975947,0.440137190194357,0.0003655761505528845,0.9999486093126293,0.9985083090363747,0.9978924568574943
165,1e-05,0.0008725443477112867,0.000565523760659354,0.09834533499386923,0.022320848462060564,1.1692367204596845,0.21324202858266375,0.00020483820690623945,0.9999790820399809,0.9997992204416796,0.9996233223861171,0.0014208886535591924,0.0007280009133475168,0.2643182686229786,0.03745920977221345,2.632502627036332,0.4415450626895541,0.00036472410803210347,0.9999483068293397,0.9985181000431037,0.9978846248501616
166,1e-05,0.0008541095268586462,0.0005093983241489955,0.09842624413541541,0.022295513192281534,1.1600545333081638,0.2126828180892127,0.00020508164574692143,0.9999799566445503,0.9997988899423487,0.9996292153475308,0.001401194036324303,0.0007045269012451172,0.2646121485154924,0.03747505154187324,2.6326540418598006,0.441541124809356,0.0003648323694478803,0.9999497299127571,0.998514803033619,0.9978843815887141
167,1e-05,0.0008401169543917419,0.0005032999174935477,0.09835903602717787,0.022282051242716157,1.162916257665382,0.21235426976567223,0.00020335948928001404,0.9999806081186844,0.9997991644925412,0.9996273837336148,0.0014445577555529192,0.0007970605577741351,0.2647584717750566,0.03749336570938678,2.630415074295555,0.43993347599392846,0.00036493791345517616,0.9999465702799085,0.998513160066513,0.9978879784805841
168,1e-05,0.0008744327379075573,0.0005027609212057931,0.09838707270743921,0.02229365932928941,1.1663996446973357,0.21222524057541575,0.00020714696170708586,0.9999789912974852,0.9997990499893209,0.9996251481198076,0.0013988106468008647,0.0006876673017229353,0.26510786431866895,0.037537992031819165,2.6341858548823307,0.4420934503986722,0.0003653941348435789,0.9999499007831674,0.998509233188185,0.9978819188146753
169,1e-05,0.000841323874329654,0.0004977192197527205,0.09828130731809598,0.022267393951364782,1.1592813572570309,0.2127972479377474,0.00020415966162780867,0.9999805520112264,0.9997994817942653,0.999629709419221,0.0014156120820859029,0.000707803453717913,0.2644181113125811,0.0374487924001002,2.630103224954492,0.4412311525571914,0.00036468372973571503,0.99994869004902,0.9985169805229527,0.9978884791379652
170,1e-05,0.0008278109297186867,0.0004942842892238072,0.09820770128153247,0.02227493932380866,1.1628456669653762,0.21251450734479085,0.000202540288312077,0.9999811718356679,0.9997997820279014,0.9996274289478739,0.0014274237676483712,0.0007386003221784319,0.26459486791412756,0.037515112798293934,2.6270917836211067,0.44124916252635776,0.0003652846882002021,0.9999478302295174,0.9985149971036763,0.9978933118943666
171,1e-05,0.0008733929492264054,0.0005304328032902308,0.09824939553715457,0.02228092550216106,1.1673666654300818,0.21296317563170478,0.00020554068234277371,0.9999790411383965,0.9997996119828849,0.9996245263043377,0.0014230503990268527,0.0006957530975341796,0.26465313168241716,0.03751947297333921,2.6229347536153886,0.44247049008096967,0.000365355051477094,0.9999481494173094,0.99851434287849,0.9978999736188968
172,1e-05,0.0008736618563187676,0.0005281925201416016,0.09828105744129573,0.022290749582745118,1.1697050354797058,0.21247301257791973,0.00020430015541434646,0.999979028329277,0.9997994828095367,0.9996230205649046,0.0014166446702930234,0.0006956917898995536,0.26451654218616694,0.037492756198787086,2.627140119484284,0.4407504308791388,0.00036486232577323736,0.9999486151678088,0.9985158761311717,0.9978932343674504
173,1e-05,0.0008353910407372532,0.0004950097629002162,0.09825960205053892,0.022282565047718444,1.1577512964732863,0.21244677085252034,0.00020386659444842996,0.9999808255336475,0.999799570350672,0.9996306862280635,0.0014085193922602221,0.0006826196398053851,0.2648482129428067,0.03755744263935889,2.6264302407033475,0.440377028357415,0.0003653298889976971,0.9999492029209818,0.9985121518576827,0.9978943728359061
174,1e-05,0.0008663977486395969,0.0005273708275386266,0.09821429880266465,0.0222527075644809,1.1576199012426087,0.21129742591154008,0.00021201140518482069,0.9999793757549562,0.999799755126489,0.9996307700794326,0.0014126165520432336,0.000717094966343471,0.2645123969622282,0.037467128357047554,2.6248644895593007,0.44057068086805795,0.0003646789746241236,0.9999489069698577,0.9985159226120394,0.9978968824272195
175,1e-05,0.0008649700898156043,0.000513594491141183,0.09816554917501355,0.022273456627030543,1.1654127201475497,0.21265065904174532,0.00020838910514716855,0.9999794435717598,0.9997999538697118,0.9996257822015143,0.0013896953484141765,0.0006848267146519252,0.264420175874867,0.03748070179197773,2.627582175188764,0.44067569914318266,0.00036478354823196295,0.9999505515951654,0.9985169573300229,0.9978925252065415
176,1e-05,0.0008480085778306435,0.0005063814776284354,0.09812916735076523,0.022242322072105587,1.1581383265199552,0.2120395555382683,0.0002045095663778024,0.9999802418302206,0.9998001021159237,0.9996304392838579,0.001427612355143761,0.0007944447653634208,0.2640424697777824,0.03744067204823284,2.6295207091382395,0.4417452333938508,0.00036459706827334534,0.9999478164435394,0.9985211910624573,0.997889414534018
177,1e-05,0.000867077683701978,0.0005220064095088414,0.0981868116723541,0.02228919272184122,1.1623929513735016,0.2122204678399222,0.0002059495845875452,0.999979343304689,0.9997998671945866,0.9996277190055439,0.0013864560750658998,0.0006982462746756417,0.2651771326084047,0.03756323211535468,2.6313294184895875,0.44224929610888164,0.0003655778401920568,0.9999507818473858,0.9985084541861943,0.9978865098546631
178,1e-05,0.0008552411030927223,0.0005081909043448312,0.09815766241630176,0.022265234052260215,1.1607052691372755,0.21341321993441809,0.00020795368469149318,0.9999799033664059,0.9997999860096458,0.9996287992426571,0.0014024637746161282,0.0007135391235351563,0.26446956915617437,0.0374618206852637,2.625335822166986,0.44077374112038387,0.00036467792570546307,0.9999496387636746,0.9985164032243574,0.997896127061299
179,1e-05,0.0008478035831782716,0.0005256899765559605,0.09809131241477793,0.02223238241575674,1.159403646338392,0.21191630753732862,0.00020486743875362988,0.9999802514555325,0.9998002563130507,0.9996296313223412,0.0013954637403912346,0.0007082394191196986,0.2649685276197958,0.037539187482942826,2.6293309296053966,0.4409808806010655,0.0003653122788501327,0.9999501402391526,0.9985107998156859,0.9978897190869679
180,1e-05,0.0008556888968189028,0.0005327948502131871,0.09808984575604014,0.022250659076547722,1.1572917255360557,0.21174927289996828,0.00020449155554522997,0.9999798825908877,0.9998002622933249,0.9996309793706928,0.0013915758304495764,0.0006886209760393415,0.2641139704610455,0.03748444590397351,2.6235547498722034,0.44046579741296316,0.0003646720566671825,0.9999504176812826,0.9985203900261007,0.9978989806607687
181,1e-05,0.0008421709734967137,0.0004981117589133126,0.09802553483300067,0.02222524875817934,1.1604333212762807,0.21343121223506473,0.00020893945547813681,0.9999805128654091,0.9998005241134763,0.99962897318044,0.0014298600780035442,0.0007124287741524833,0.26448495957035484,0.037578265918750686,2.6211777680307233,0.4406136989593506,0.0003655887807040396,0.9999476519920201,0.9985162303778802,0.9979027860660432
182,1e-05,0.0008591170801311634,0.0005521842411586217,0.09825921305442901,0.02228597088461152,1.1586609469468074,0.21193024679308847,0.0002020168904496781,0.9999797210886824,0.9997995719372695,0.9996301056718436,0.0013994668831816084,0.0006967612675258092,0.2643832821318977,0.03745816929160424,2.625301673926582,0.4395381427946545,0.00036450440688257557,0.9999498537651658,0.9985173711174219,0.9978961817404589
183,1e-05,0.0008508494881854892,0.0005208449704306467,0.0979417028296553,0.022227843579068873,1.1566867509562377,0.21181047005312784,0.00020327728429681105,0.9999801091180452,0.9998008651525804,0.9996313651011359,0.0013909906299387406,0.0006792954036167689,0.2640001658770534,0.03740307224808999,2.62467737830615,0.4397323483512515,0.0003639431175800686,0.9999504593742994,0.9985216649486368,0.9978971823300249
184,1e-05,0.0008372822113368493,0.0005037239619663784,0.097984560517569,0.02222399993075265,1.1578903608312558,0.2111500730117162,0.00020590869171536091,0.9999807384737366,0.9998006908370866,0.9996305975276099,0.0013897017702505531,0.0006944928850446428,0.264040736279147,0.037465950993496915,2.6269088398608624,0.4394323175861722,0.0003644590751996349,0.9999505511381583,0.9985212105140241,0.9978936052885031
185,1e-05,0.0008528362380627044,0.000505035264151437,0.09799272528760318,0.022229413394533114,1.1604143625761831,0.2119874109469709,0.0002036783285649335,0.9999800161659539,0.9998006576190235,0.9996289852826313,0.001422818127491222,0.0007021154676164899,0.26486735635077424,0.03756084971020557,2.6250138766950255,0.44114033097312566,0.00036558764240238715,0.9999481663421232,0.9985119368281096,0.9978966430283082
186,1e-05,0.0008511451803321149,0.0005195336682455881,0.0979202565803305,0.022213035554037405,1.1563164064124172,0.21231909855490638,0.0002035097638801387,0.9999800955043725,0.9998009523526713,0.9996316011177617,0.0014274563488141762,0.0007470471518380301,0.26407349567675303,0.037427369200583524,2.626116057914663,0.4397622678961073,0.00036427233531690544,0.9999478278479241,0.998520843506333,0.9978948763704846
187,1e-05,0.0008645997507517283,0.0005473290170942034,0.09792386912909701,0.022199132684735383,1.1606917614064611,0.21204323605412528,0.0002051247075249551,0.9999794610312354,0.999800937665114,0.9996288079072789,0.0013993566522792634,0.0007036481584821429,0.26394561779337616,0.037429506908047874,2.6251387933081918,0.4402745999041058,0.00036423625545397594,0.9999498616645267,0.9985222757285264,0.9978964429352168
188,1e-05,0.0008462777879356347,0.0004905274936131068,0.09794053312673344,0.022212496734140306,1.155129191202647,0.2112142596216429,0.0002052552710608942,0.9999803224200364,0.9998008699099961,0.9996323572112399,0.0013965205883342414,0.0006841863904680525,0.2642439796918486,0.037506777910316515,2.624803558670039,0.44138821704047065,0.00036502927657225984,0.9999500646884406,0.9985189330032138,0.9978969800767451
189,1e-05,0.0008227122275181771,0.0004917510918208531,0.09789868024262914,0.022217432919507007,1.154845916926124,0.21139898154707182,0.0002071465425250218,0.9999814030564877,0.9998010400642822,0.9996325375009494,0.0014171084782611217,0.0007332188742501395,0.2640474168414037,0.037425737086082156,2.623111019987513,0.4405961964811598,0.00036441035159302576,0.9999485815156214,0.9985211356127461,0.9978996914569671
190,1e-05,0.0008315782135608376,0.0005085851464952741,0.09791400970784028,0.022220434015714396,1.1607861718381047,0.21181023567914964,0.00020314388227562368,0.9999810001709607,0.9998009777480131,0.9996287474911411,0.0013832965288825406,0.0006875923701695033,0.2643151446057612,0.03745815321896811,2.6290627581755968,0.4408941863548188,0.0003645877443063404,0.9999510059148328,0.9985181352018846,0.997890149570209
191,1e-05,0.0008487169927814967,0.0005069443157741002,0.09782523056525093,0.02218592477341493,1.154774522954201,0.21138583134327615,0.00020470832270768824,0.9999802089619041,0.9998013384931971,0.9996325829394515,0.0014092190490915266,0.0007152148655482701,0.2644680518900551,0.03749168285440099,2.624276351888695,0.4402788201967875,0.000364796414354171,0.9999491524433659,0.9985164202133424,0.9978978249281544
192,1e-05,0.000841898468448367,0.0005020124571663993,0.09786276827040581,0.02221707749791615,1.1612478480313795,0.2119659518911725,0.00020508994598693724,0.9999805257360664,0.9998011860028966,0.999628452121208,0.0014002918659574751,0.0007151194981166295,0.26387320707394984,0.037474178589989804,2.626945316183565,0.4419835451103392,0.00036455773540903163,0.9999497946255402,0.9985230864457094,0.9978935468569787
193,1e-05,0.0008380514313664173,0.0004987273897443499,0.09791824001261226,0.022220190395786578,1.1516617327603307,0.21116214543581008,0.00020520875713415468,0.9999807030616896,0.9998009605484796,0.9996345610746171,0.0013908816422593087,0.0006880896432059152,0.2640493254916048,0.037439298384531985,2.6269168522255595,0.4409024643046515,0.00036437060785816456,0.9999504671372651,0.9985211143053904,0.997893592386698
194,1e-05,0.0008286798093106965,0.0005024288381849017,0.09782087393212519,0.022208940159662214,1.156924121579038,0.2111863720984686,0.0002085084767968226,0.9999811323510822,0.9998013561867143,0.9996312137866511,0.001422250044864427,0.000729513168334961,0.263572010634155,0.03737744467188477,2.6211207674521093,0.43952813787119727,0.00036382097097367077,0.9999482077246747,0.9985264562101845,0.997902877415742
195,1e-05,0.0008436661931387957,0.0005002217633383615,0.0977968732780849,0.022192386297247443,1.1579592635748204,0.21082184116045635,0.00020244106867046087,0.9999804439229697,0.9998014536495274,0.999630553544341,0.0014030491139827032,0.0007063933781215123,0.26341765443640014,0.03741259441810584,2.623181247606888,0.4404039927891323,0.0003641735286998306,0.9999495967168619,0.9985281814943633,0.9978995790276508
196,1e-05,0.0008288483376934617,0.000522855349949428,0.09773561290361615,0.022197892350501985,1.1532712785008927,0.21119348158439,0.00020730398026397063,0.9999811245688465,0.9998017023152804,0.9996335388894392,0.001415486811219668,0.0007145745413643974,0.26360378947529367,0.03738570267986702,2.622733231486955,0.4396795017378671,0.00036392011061492564,0.9999486991296963,0.9985261007338072,0.9979002962812823
197,1e-05,0.0008446829662344972,0.0005165517330169677,0.09765945743633192,0.02216505750904418,1.1536764343762527,0.2117499623270262,0.00020180730114738513,0.9999803965128655,0.9998020112231781,0.9996332813630173,0.001405808010578226,0.0007073674883161272,0.26334324471892184,0.03740198719676436,2.6235377699314677,0.4388921453839257,0.00036395313663048354,0.9999493983001946,0.9985290129147165,0.9978990079426799
198,1e-05,0.0008359692940632551,0.000513700076511928,0.09778212948986222,0.022181321138543403,1.1551866065262901,0.21084717717908677,0.00020150272589544978,0.9999807990598671,0.9998015135131642,0.9996323206647844,0.0014105164804164999,0.0006987503596714565,0.26304350006911553,0.03735753597859567,2.6232502767864436,0.4393229146798452,0.00036356898357414345,0.9999490587722197,0.998532359675084,0.9978994683625746
199,1e-05,0.0008363384295706862,0.0005019383771078927,0.0976763465837145,0.02218230100703939,1.1574790890606237,0.2111371045311292,0.00020770258961569458,0.9999807819341087,0.9998019427287926,0.9996308598817268,0.001398741085037196,0.0007371085030691964,0.26372870092854983,0.03742232373612982,2.624325306707146,0.44274584821292334,0.0003645194521965323,0.9999499057658335,0.9985247034691833,0.9978977463675227
200,1e-05,0.0008443035226807531,0.0005193889141082763,0.09768939431023772,0.022155889878108067,1.1516778085037402,0.21107017050186794,0.00020783960872853413,0.9999804140375771,0.9998018898245141,0.9996345508645996,0.0014149142079700919,0.0007148878914969308,0.26315437545364717,0.037374000707387424,2.621556858755621,0.4397818571045285,0.0003637747567243347,0.9999487406265203,0.9985311221432908,0.9979021793899616
201,1e-05,0.0008376067541104579,0.0004989589963640485,0.09762909062457142,0.022181291480702924,1.1554173695778371,0.21092889770155862,0.000203691686848109,0.999980723757779,0.9998021343274441,0.9996321737497896,0.0014079465127628374,0.0006949969700404576,0.2638778271498167,0.03741221698450092,2.6234723937845263,0.4411705264023372,0.0003643030234938275,0.9999492442334228,0.9985230346645886,0.997899112633928
202,1e-05,0.0008191242587183428,0.00048658507210867747,0.09772610620338718,0.02215278034237071,1.1493376596168703,0.21147959069127129,0.00020773137335743284,0.9999815648612513,0.9998017408915901,0.9996360345089612,0.001396877120336002,0.0006943021501813616,0.2631913077177749,0.03737406531032526,2.6259906015536107,0.4414430788585118,0.0003638539455648192,0.9999500391881947,0.9985307097165833,0.9978950774967391
203,1e-05,0.0008356016130711235,0.0004984813077109201,0.09758647392551745,0.022163998605039134,1.154862152903816,0.21271946983678,0.00020432923355735965,0.9999808158373047,0.999802307035161,0.9996325271659545,0.0014075213179202033,0.0007142135075160435,0.2633354134554408,0.03740242649986559,2.618571663260375,0.44146391380400885,0.00036402756279932825,0.999949274884916,0.9985291005005393,0.9979069542398025
204,1e-05,0.0008533959053633749,0.0005187315600258963,0.09755016188896146,0.02215301737470447,1.1550416363071025,0.21173080220108942,0.00020418128447540442,0.9999799900636934,0.9998024541313986,0.9996324129466355,0.001396918431475459,0.0006871087210518973,0.26355755614921794,0.037415246606123026,2.6228944110658396,0.44231849114100136,0.0003642599982532602,0.9999500362330764,0.9985266176993953,0.9979000382857567
205,1e-05,0.0008267345064526951,0.0005006568772452218,0.09757853189233721,0.022139487288251863,1.155051169038755,0.21120730092128118,0.00020144602608157975,0.9999812207692989,0.999802339216056,0.9996324068616741,0.001394217737091565,0.0007066045488630022,0.26335386738057903,0.03738523715134687,2.625011071215041,0.43974957962830863,0.00036375383896502926,0.9999502292385138,0.998528894272891,0.9978966476547029
206,1e-05,0.0008366441164841646,0.0005140602588653564,0.09758575788141136,0.02215506126264606,1.1599425356629367,0.2114644780045464,0.00020325281254521802,0.9999807679692834,0.9998023099327379,0.9996292869508697,0.0013907392883894423,0.0006832395281110491,0.26371230234289794,0.03742542125643924,2.6238306361971575,0.4406456870692117,0.0003642688381264887,0.9999504772759191,0.9985248870786751,0.9978985388838831
207,1e-05,0.0008468205647675146,0.000522616079875401,0.09768106516994446,0.022181819483981444,1.1448729156921162,0.2102530413795085,0.00020467609556773628,0.9999802972531776,0.9998019235995728,0.9996388567641344,0.001418646987625664,0.0007250581468854632,0.2634204982041291,0.0374084725288725,2.621108315248488,0.44106256819906686,0.0003641659427024832,0.9999484698082067,0.9985281498292753,0.9979028973208998
208,1e-05,0.0008483195607374086,0.0005217134952545166,0.09752876117211126,0.022149012769636867,1.1491708127463813,0.21155140130292802,0.00020307513578465223,0.9999802273526057,0.9998025407960996,0.999636140174059,0.0014075194163399192,0.0007047925676618304,0.2631045964879258,0.03736440318810365,2.620893569893361,0.43903795736176626,0.000363577210544703,0.9999492750219765,0.9985316778401899,0.9979032408942827
209,1e-05,0.0008181757089767989,0.000491323641368321,0.09744720855164933,0.02212780298942415,1.1552768165954472,0.21052097876866657,0.0002026502626198245,0.9999816075681323,0.9998028708826645,0.9996322632457435,0.0014232338409713252,0.0007592882428850446,0.26343438931363417,0.03745139177802723,2.622664049375513,0.440278255655652,0.00036418972960183913,0.9999481360485842,0.9985279945684928,0.9979004070765112
210,1e-05,0.0008158497147536823,0.0004924884864262172,0.09761128639782408,0.022169103377363965,1.14737922368228,0.210786862103712,0.00020014847719778572,0.9999817118422455,0.9998022064922992,0.9996372738039064,0.0014331722366633323,0.000735821042742048,0.263586306850151,0.037497846522921034,2.6211191592772645,0.44031214543751307,0.00036477056317039567,0.9999474091910259,0.9985262962945517,0.9979028799588182
211,1e-05,0.0008379101984979485,0.0005100267274039133,0.09756602231240431,0.022148293796419097,1.1548174115938263,0.2107719367458707,0.00020704180670034995,0.9999807095753758,0.9998023898862674,0.999632555644876,0.00140211679925674,0.000706761223929269,0.26360144274688896,0.03741966896305794,2.6242363725670073,0.4401561329762141,0.00036408329173980296,0.9999496636797498,0.9985261269128696,0.9978978888632877
212,1e-05,0.0008513838642443165,0.0005132249423435756,0.0973911365617015,0.02214334102687221,1.1461974141700273,0.2102083153667904,0.0002021169010088215,0.9999800844585769,0.9998030976766303,0.9996380206653279,0.0013985414880932922,0.0006892476763044085,0.2632924669886909,0.03740174412352484,2.62478486411336,0.4405350934891474,0.0003638791093356354,0.9999499200614638,0.9985295801682359,0.9978970099090426
213,1e-05,0.0008533943628994935,0.0005170575210026332,0.09758749720271463,0.022155843479890743,1.1501329082202871,0.21177056169226055,0.0002041206364142291,0.9999799900567145,0.9998023028892221,0.9996355306583906,0.0014070086809470463,0.0007156985146658761,0.2634172310704017,0.03738530322253329,2.6243498326253354,0.43992672037510644,0.0003639221251178368,0.9999493118276375,0.9985281863190909,0.9978977071223278
214,1e-05,0.0008409341709497521,0.0004999646118709019,0.09749022084232262,0.022131908435054297,1.146519026176938,0.20945006204502922,0.000205146436698718,0.999980569900531,0.999802696823685,0.9996378174980746,0.001411065413529466,0.0006908484867640904,0.2632277362931671,0.03736440867060635,2.6201051771578143,0.4383680545148395,0.00036350936018588224,0.9999490191147349,0.998530303080515,0.9979045021017898
215,1e-05,0.000841403653312329,0.0005222235407148089,0.09739509256507904,0.02210791396129431,1.1516911760778656,0.21014143100806645,0.0002015789609713303,0.9999805483201316,0.9998030816838136,0.9996345424141974,0.00140863587002352,0.0007077080862862723,0.2625872078004979,0.03732117704375485,2.6240857828539945,0.44068266451358795,0.0003632660478172688,0.9999491945192873,0.9985374468922129,0.99789813012342
216,1e-05,0.0008320127245378694,0.0005067510264260428,0.09735174030639702,0.022126591887395335,1.1495345575814346,0.20999507031270437,0.0002026470154729785,0.9999809803129636,0.9998032569451538,0.9996359097950818,0.0013967474401597887,0.000684847150530134,0.2632151422097076,0.03735646521145443,2.620572013532786,0.4388606954188574,0.0003634717731007539,0.999950048464066,0.9985304438728434,0.9979037552546255
217,1e-05,0.0008485441831320762,0.000499551636832101,0.09733946802628006,0.02210191473271112,1.1510422849648354,0.20969723001832052,0.00020361372003360753,0.99998021697607,0.9998033065474907,0.9996349540761837,0.0014065322035297751,0.0006812572479248047,0.2628686617349486,0.03735002308334195,2.6228047838539243,0.44098599297659735,0.0003634678923980851,0.9999493461524862,0.9985343100443597,0.9979001818508781
218,1e-05,0.0008478937338158657,0.0005028997148786272,0.0974252329189504,0.02212454100574837,1.1495301932720206,0.21099283595879872,0.00020363735618533546,0.9999802473084834,0.9998029597824246,0.9996359125562561,0.0014065912792939198,0.0007245608738490513,0.2633303739463991,0.03738992662799683,2.6199155978252118,0.4383838449205671,0.0003636454307068486,0.999949341897372,0.9985291567316747,0.9979048053168907
219,1e-05,0.0008592917921231981,0.0005191624164581299,0.09733687431297929,0.022105384258791584,1.1506939183794769,0.2104619718733288,0.00020140789269620587,0.9999797126763916,0.9998033170258379,0.9996351750165203,0.001387311694890974,0.0006886550358363561,0.26290245022410685,0.03734368109290705,2.624487904853125,0.44105022081307005,0.0003634402784424158,0.999950721080915,0.9985339332893147,0.9978974858560494
220,1e-05,0.0008288237303913541,0.0004951085363115583,0.09734382522401627,0.02211739414955335,1.1482782357954955,0.21055191953976948,0.00020588587588286244,0.9999811260379008,0.9998032889424914,0.9996367051696804,0.0014001990499672168,0.0006849561418805803,0.26270602129155385,0.03736261904739484,2.6186775496719705,0.442147296667099,0.00036373481058786994,0.9999498012808772,0.9985361231990398,0.9979067850578196
221,1e-05,0.0008495598314152761,0.0005017663751329695,0.09728830616206625,0.02208946600353318,1.1506062302001467,0.21038150964748292,0.00020576318913013633,0.9999801695366445,0.9998035132609464,0.9996352306137516,0.0014238848220134905,0.0006887708391462053,0.2632987673588665,0.03741180128271475,2.621089902082725,0.4406877570209049,0.000364109514386794,0.9999480885930369,0.9985295097310156,0.9979029267092295
222,1e-05,0.0008457174246564923,0.0005340397357940674,0.09731726314941079,0.02208583746534973,1.143130914249829,0.21038724414649465,0.00020169788048183689,0.9999803483310924,0.9998033962804501,0.9996399549172872,0.0014090397762387015,0.0006905215127127511,0.26250746082720816,0.037299394584114444,2.618283855339958,0.43953140264465695,0.00036306632956180037,0.9999491653796184,0.9985383352029611,0.9979074143633287
223,1e-05,0.0008182282553171812,0.0004993047033037459,0.09723255747142368,0.02207600741610087,1.1486508393722297,0.20971013194038754,0.00020478070818504487,0.9999816052744491,0.9998037383808339,0.9996364693908746,0.0014196997149642755,0.0007104737418038504,0.26290834546368885,0.037367192548026076,2.6191795279788623,0.43942345125334603,0.00036355737807506705,0.9999483933023958,0.9985338674050511,0.9979059825699713
224,1e-05,0.0008387978323536575,0.0005025276115962437,0.09725093916136726,0.022090615517219657,1.1482112448020545,0.20976330425058093,0.00020602574480255953,0.9999806687540688,0.9998036641617561,0.9996367475746253,0.0014055943478077687,0.0006904465811593192,0.26201512052410314,0.03731147162381958,2.617095626609359,0.4391619580132621,0.00036294081155884017,0.9999494136804993,0.9985438129785135,0.9979093132967881
225,1e-05,0.0008294018735984313,0.00048363464219229564,0.09722406824390514,0.022096059183576447,1.1514220781275366,0.21086766088292713,0.0002026390027377179,0.9999810996145339,0.9998037726459258,0.9996347131469568,0.001422110349049764,0.0006922653743198939,0.26275758946860345,0.03736837137982531,2.6173227462107,0.4389845533030374,0.00036353076066246914,0.9999482178984255,0.9985355484709982,0.9979089503172522
226,1e-05,0.0008415735624780877,0.0005075488771711077,0.09721656537157304,0.02209662566394926,1.1487303078457514,0.20978239561830248,0.00020156003966363708,0.9999805405010893,0.9998038029330116,0.9996364190709099,0.0014157390213299758,0.0007013389042445591,0.2625629499785808,0.037303518652291166,2.6159050320342847,0.4381701218230384,0.00036313961874940204,0.9999486808465858,0.9985377172615472,0.9979112151031237
227,1e-05,0.0008377302629776768,0.0005435432706560407,0.0971109034667157,0.0220763069934815,1.1466948259779486,0.20992800834633055,0.00020352039472345493,0.9999807179673258,0.999804229182438,0.9996377064259353,0.0014307576523989814,0.0007731028965541295,0.2625940455179277,0.037323932462143446,2.6181726276369197,0.4385498861471812,0.00036310584494673195,0.9999475862499523,0.9985373707607651,0.9979075921559154
228,1e-05,0.0008369805329417367,0.00049869247845241,0.0971174365960319,0.022053909907800845,1.147302718492713,0.2096215066810449,0.00020532984329778563,0.9999807524691885,0.9998042028446207,0.9996373222019835,0.001430027664204638,0.0007476670401436942,0.26328997401062587,0.03738663041772832,2.618515291171572,0.4390837447983878,0.00036381757666504206,0.9999476397204446,0.9985296079149784,0.997907044505362
229,1e-05,0.000876135342577223,0.0005354080881391253,0.09716474071720779,0.0220690336375179,1.1472978256844866,0.20977634326333092,0.0002008961961268402,0.9999789095480115,0.9998040120560037,0.9996373252731737,0.0014052633479168255,0.0006777422768729074,0.2622401231048688,0.03729311801664984,2.6175286794544905,0.43942024764560517,0.00036296392945959924,0.9999494375025854,0.998541310801328,0.9979086214142032
230,1e-05,0.0008698880713791804,0.0005449243954249791,0.09704702808806732,0.022046188946883632,1.1480550596084225,0.20965270229748317,0.00019909045742627182,0.9999792091773977,0.9998044866354513,0.9996368463655002,0.0013921778650854205,0.000682135990687779,0.26276461152344777,0.03731683094202847,2.6175439224254813,0.43907808576311386,0.00036313984647986467,0.9999503747706059,0.9985354701285387,0.9979085969201759
231,1e-05,0.0008254225273670699,0.0004974501473563058,0.09715604912066587,0.022060227125445753,1.1451656186079158,0.20959547665857134,0.00020374697824552512,0.9999812806927915,0.9998040471156848,0.9996386720821602,0.0014039791137630676,0.0006932054247174944,0.26242451198813266,0.03729475616034222,2.6181470126360504,0.43880458105178105,0.0003628891431998858,0.9999495298758979,0.9985392586618307,0.9979076332077165
232,1e-05,0.0008278090124314892,0.0004948811871664865,0.09723224435765825,0.022120649651067813,1.1519450511435994,0.21019220522471838,0.00020496304715795434,0.9999811720423029,0.9998037396450835,0.999634381258156,0.0013947509432577635,0.0006829806736537388,0.2621092293555192,0.03727395146835275,2.623597019887445,0.4419921195223218,0.000362996934084347,0.9999501911624648,0.9985427666132793,0.9978989131941989
233,1e-05,0.0008251987725726057,0.0004914871283939906,0.09700455694139211,0.022052209566599167,1.144415417021693,0.2103057019057728,0.00020275283935578567,0.9999812906515447,0.9998046577306225,0.9996391453286203,0.0014251697214777543,0.0006981440952845982,0.2627184238722711,0.03740191498704926,2.6193552048991005,0.4398583240452267,0.00036379924243217627,0.999947994862093,0.9985359848738262,0.9979057015262947
234,1e-05,0.0008477502396566878,0.0005417406558990478,0.09713863831528327,0.022079320870480448,1.1397432817584832,0.20901682681980588,0.000198838212420599,0.9999802537666532,0.9998041173465938,0.9996420857326624,0.0014278003922133173,0.0007638931274414062,0.26240835436087645,0.03732835882552265,2.6176574451852272,0.4391051743711744,0.00036311886060401676,0.999947802695985,0.998539438658769,0.997908415648753
235,1e-05,0.0008363789946943047,0.0004876528467450823,0.09702551046339085,0.022061879100352212,1.1479148203372613,0.20954983660152982,0.00020787480185979998,0.9999807800426878,0.9998045733243831,0.9996369350962298,0.0014148007702518498,0.0006808008466448103,0.2622947965152038,0.03730790777838705,2.6179620790402676,0.43894954039936973,0.000362939175723227,0.999948748845412,0.9985407025184176,0.9979079286731505
236,1e-05,0.000827486895167165,0.0005295123372759138,0.09694191383454574,0.02204860728507397,1.1469977273679242,0.20990515308720725,0.00019999069427074445,0.9999811866854817,0.9998049099399361,0.9996375149947084,0.0014103546735180037,0.0007341316768101283,0.2619068757189421,0.0373127972023792,2.6170723815359147,0.43870726979914165,0.0003627790648711955,0.9999490704589592,0.9985450157714241,0.9979093504864429
237,1e-05,0.0008602511961689375,0.0005358176571982247,0.09704767867641464,0.022067310636086034,1.1475037037958542,0.20948806021894728,0.00020660113543077125,0.9999796673295797,0.9998044840133995,0.9996371951083894,0.0013793370532030912,0.0006919588361467634,0.2632845375148197,0.037410302497680833,2.6208652931580194,0.43922128081321715,0.00036402580110348024,0.9999512859896394,0.9985296687352423,0.997903286066066
238,1e-05,0.0008388216078381388,0.0005588471889495849,0.0970449583509224,0.022047980128156813,1.138513587245091,0.20994297450497038,0.0002060485805633659,0.9999806677101178,0.999804494974389,0.9996428576483122,0.0013930145925406103,0.0006812572479248047,0.26215733878738884,0.037266314810676895,2.6161749965314725,0.4384955252919878,0.0003626770260770071,0.9999503151011183,0.9985422317151446,0.9979107839473194
239,1e-05,0.0008484671839995939,0.0005322413785117013,0.09689301408183852,0.02205800076856803,1.1509814320939562,0.20959169045090675,0.00020175897065899206,0.999980220527899,0.9998051067022324,0.9996349926953613,0.0013977908887032565,0.0006768090384347098,0.26270405385594553,0.037327805186467604,2.6169422088189798,0.4395072340965271,0.00036340766965332075,0.999949973803,0.9985361452192015,0.9979095584635448
240,1e-05,0.0008469140513161021,0.0005361412252698626,0.09694822681584069,0.02204428516734446,1.1400107767813321,0.20898231658197586,0.0001984056778943568,0.9999802930294007,0.9998048845252945,0.9996419176935588,0.001422135781908741,0.0006956781659807477,0.26220747708566927,0.037336420025715536,2.6118247157829817,0.43824866839817594,0.00036325427552147475,0.9999482160462786,0.9985416739403802,0.9979177263169137
241,1e-05,0.0008633571299389327,0.0005284547805786133,0.09686538698433755,0.022009198997068206,1.143772992160584,0.20881342171203524,0.00019625938869332262,0.9999795200692978,0.9998052178266449,0.9996395503379445,0.0014065850846705225,0.0006861346108572823,0.2619048790982706,0.037284120339392615,2.615150480024623,0.43793972390038627,0.0003627753885607869,0.9999493423435671,0.9985450380203302,0.9979124199233727
242,1e-05,0.0008523857053340756,0.0005178289754050119,0.09680270111911367,0.022015089916936133,1.146659889210857,0.2092391285158339,0.00020315469656694468,0.9999800373015619,0.999805469848382,0.9996377284995426,0.0014112287938447441,0.0006959710802350726,0.2616925062730819,0.03724932344923229,2.6150755561255523,0.43879162626607077,0.00036248409127337156,0.9999490073084001,0.9985473966615883,0.9979125397069272
243,1e-05,0.0008569222714052867,0.0005089231899806432,0.096911121326416,0.0220208984313521,1.148154907866604,0.20911003961449579,0.00020350985363698932,0.9999798243340725,0.9998050338596083,0.9996367832218697,0.0014024242237975887,0.0006954669952392578,0.2616828301692942,0.03722475564392358,2.6153224509411785,0.4385739814667475,0.00036238436601315196,0.9999496416041045,0.9985475040081128,0.9979121453068164
244,1e-05,0.0008162232047068775,0.000499436685017177,0.09686017875533653,0.022019287817320734,1.1390304826820574,0.20921410017070316,0.00020159770931882444,0.9999816952512605,0.9998052387773462,0.9996425332673938,0.0014689803080425005,0.0008610248565673828,0.26184466897424286,0.03726911886870486,2.616412022353245,0.43907401590120226,0.00036281246611616146,0.9999447483786896,0.998545706912282,0.9979104053155871
245,1e-05,0.0008783582904921119,0.0005506915705544608,0.09688021038891914,0.02204569253437924,1.1442533604393113,0.20897593313739413,0.00020315249928575796,0.9999788025384836,0.9998051582091713,0.9996392475224247,0.0014342044085938247,0.0007461956569126674,0.26189779068818736,0.03730438828499562,2.6162893407726715,0.4385349949200948,0.0003628581285768304,0.999947333411852,0.9985451166807708,0.997910601302634
246,1e-05,0.0008373063963341028,0.0005106934479304722,0.09683145416680478,0.02202059052087976,1.1405227151148067,0.20857702635583422,0.00020296103750553943,0.999980737517924,0.9998053542769921,0.9996415960258566,0.0014183178910983447,0.0007244314466203963,0.2612768877890552,0.03724310986026028,2.6145892124502543,0.43845405748912264,0.0003624427919231089,0.9999484937132942,0.9985520070575676,0.9979133159562942
247,1e-05,0.0008566086583301654,0.0005552240780421666,0.09684662106732958,0.022017813500493328,1.1422704873801566,0.20984539460568202,0.00020231667488479032,0.9999798391620495,0.9998052932897965,0.9996404967338278,0.0014071259774339944,0.0006908212389264787,0.2619080925321295,0.037274761129350284,2.6127599814367635,0.4381422309648423,0.00036278364237489317,0.9999493033759592,0.9985450022836136,0.9979162347810192
248,1e-05,0.000867616254145211,0.0005669074399130685,0.09673780999524369,0.02200400663746728,1.1420575388789194,0.2088219899506796,0.0001995469209479097,0.9999793176092063,0.9998057305689063,0.9996406307615396,0.0014104120346443854,0.0006926672799246652,0.2622575395032979,0.03732346793328191,2.6135321351497107,0.43830710039252324,0.0003630986579597422,0.9999490663161216,0.9985411170095276,0.9979150029583005
249,1e-05,0.000818905537490453,0.00048782570021493096,0.09670189410945426,0.021993267285467695,1.1389981303462307,0.208207667583511,0.00020129227157437008,0.999981574772339,0.9998058747921997,0.9996425535698432,0.001407397461753604,0.0006914070674351283,0.2613976337914038,0.0372353923942433,2.6128017485781925,0.43792890906333926,0.0003622523996167754,0.999949283811732,0.998550668403615,0.9979161681558602
250,1e-05,0.0008677786222788969,0.0005454812731061663,0.09670780884403199,0.022063115150892258,1.1469534442524252,0.20927855968475342,0.00020343742121981125,0.9999793100268166,0.9998058510440307,0.9996375429695571,0.001400108103513235,0.0006778444562639509,0.26202930046942136,0.037314693851540924,2.6168718693865567,0.439073969352813,0.0003629665982738415,0.9999498078017318,0.9985436552275695,0.9979096707923063
251,1e-05,0.000841085104091236,0.0005273239953177316,0.09674873366089462,0.02200342294617519,1.1395693972927472,0.2081836548589525,0.00020163984008732833,0.9999805631837022,0.9998056866977757,0.9996421949506928,0.0014190817047933135,0.0007154941558837891,0.2610459548782516,0.037196054851608956,2.611979001735292,0.43812964118662334,0.0003620152409108515,0.9999484382224897,0.9985545655485422,0.9979174802879206
252,1e-05,0.0008257534671624421,0.0005046205861227853,0.0966164902550067,0.02197454762752451,1.1437920252299179,0.2088137520565873,0.00020015555508450688,0.9999812654178053,0.9998062175320357,0.9996395383590885,0.0014259662660842426,0.0007557187761579241,0.26228446177974307,0.037307327820195094,2.6154559790100462,0.43894223911421637,0.0003630005296847432,0.9999479367132454,0.9985408176044952,0.9979119321868681
253,1e-05,0.0008669184585531334,0.0005539110728672573,0.09670768332958518,0.021985962432447968,1.1364621919261175,0.20869139290991284,0.00020344436181073887,0.9999793510988079,0.999805851551629,0.9996441434963962,0.0014000117302011528,0.0006821496146065849,0.26180262589563097,0.037233659212694226,2.61495898776933,0.43965293623152235,0.0003624081755317042,0.9999498147112296,0.9985461738686866,0.9979127255851212
254,1e-05,0.0008334079578120345,0.0005210365567888532,0.09671322795688697,0.021991278741907025,1.1411198446720596,0.2086457596648307,0.0002054596303310104,0.9999809164126808,0.9998058292896251,0.9996412206374721,0.001420494145303498,0.0006768975939069476,0.2619450892530305,0.03728776336872103,2.617028803151986,0.4392115539028531,0.00036278065066356805,0.9999483355304647,0.9985445911645427,0.9979094200963392
255,1e-05,0.0008204859886576519,0.0005215985434395927,0.09655804613712746,0.02197941104282061,1.1365630577641106,0.20829368148531233,0.00019995539297968078,0.9999815037053674,0.9998064519023414,0.9996440803104925,0.001416449657796584,0.0006863389696393694,0.2617422980602473,0.03727676189139454,2.609937366870125,0.4382830713476453,0.00036274189916727864,0.9999486293139033,0.9985468437397117,0.9979207345185803
256,1e-05,0.0008251605575099068,0.0005016846316201346,0.09659262871686337,0.021976270820297284,1.1391056119560574,0.20798132820498375,0.0002041162476514923,0.9999812920992809,0.9998063132365131,0.9996424861087726,0.001416572204279434,0.0007375717163085937,0.2613079354116672,0.0372296659670286,2.6144325763246363,0.4382270736353738,0.00036219568450589017,0.9999486204246791,0.9985516628102762,0.9979135659822647
257,1e-05,0.000829675412649938,0.0004935077258518763,0.09661299016864704,0.021962539390494862,1.1378310156650115,0.2082691374279204,0.00020110025791681048,0.9999810869649156,0.9998062315756576,0.9996432857472163,0.0014030844245615484,0.0007266453334263393,0.2611924828778786,0.037263150422578085,2.619411404625343,0.4404332146758125,0.00036261390114342856,0.9999495941798281,0.9985529422852215,0.9979056116506406
258,1e-05,0.0008349472224331323,0.0005110970565250941,0.09666301418854288,0.021995713860108918,1.1414914344813154,0.20829121598175593,0.00020478445737605203,0.9999808458419707,0.9998060308648847,0.9996409869170215,0.0014077773466313302,0.0006873062678745815,0.26134939189610534,0.03725100393002888,2.6156271948905285,0.4401649976060504,0.000362447389425016,0.9999492564293987,0.9985512031834172,0.9979116587535112
259,1e-05,0.000802169375666937,0.0005015007087162562,0.09654706692500371,0.02195424758741316,1.1329346218429424,0.20744555166789463,0.0002007394464123828,0.999982320074737,0.9998064959141987,0.9996463492126345,0.0014103794005915977,0.0006869997297014509,0.2613819356895062,0.03725244509411558,2.613800630066058,0.43827264649527414,0.0003623008884555172,0.9999490686730971,0.9985508422603134,0.9979145744202979
260,1e-05,0.0008226931384609968,0.0005077319485800607,0.09649811987545309,0.021966162202118326,1.1369256094252258,0.20796265396333877,0.00020608658346660442,0.999981404098831,0.999806692064695,0.9996438532295381,0.001435636603686754,0.0007456166403634208,0.2612242236374952,0.03721198832432679,2.6096821404543062,0.43746842245260875,0.0003619423467264622,0.999947228173728,0.9985525906988683,0.9979211412887422
261,1e-05,0.0008356740037165917,0.0005017510482243129,0.09650523222775324,0.02197138447533176,1.1443735831575599,0.20843659958669117,0.00020177413295180356,0.9999808123914986,0.9998066635705077,0.999639171711439,0.0013979468852530512,0.0006825923919677734,0.2617868095811504,0.03726916207270053,2.6096574280501215,0.4385912233874911,0.00036267023464555835,0.9999499626363089,0.998546349512779,0.9979211805595062
262,1e-05,0.0008167241132782844,0.00048726115907941545,0.09651661312406279,0.021955200148828374,1.1347554376631224,0.2081585481053307,0.0002075991716001064,0.9999816728283019,0.9998066179710805,0.9996452115359529,0.0014404932473976446,0.0007411888667515346,0.2613275700491023,0.03719890948611485,2.6089246252297627,0.43737382576579137,0.000362035751017768,0.9999468705240714,0.9985514451239296,0.9979223479579635
263,1e-05,0.0008224758964996561,0.0004957241671425956,0.09647123689005815,0.021937194071413337,1.1379170351301513,0.20789021420336906,0.0002051258801144026,0.9999814138210738,0.9998067997645179,0.9996432317959795,0.0014138143512102297,0.0006849629538399832,0.26187432209258293,0.03728249564423251,2.6095389331990457,0.437924882485753,0.00036270390045943816,0.9999488202865533,0.9985453775017787,0.9979213692111913
264,1e-05,0.0008119382949099132,0.0004886439868382046,0.09646479168640376,0.021952099922411848,1.1371003402794346,0.20798595888274057,0.0002015475642124329,0.9999818868631123,0.9998068255755813,0.999643743727286,0.0014073150784140998,0.0006993293762207031,0.26144078988577374,0.037248956082502,2.6127586813045522,0.43803835539590746,0.00036233607911621374,0.9999492897489981,0.9985501897644827,0.9979162367857458
265,1e-05,0.0008248684662190186,0.0005003954683031355,0.09646962568400551,0.02197052725830918,1.1349522591219772,0.20797658690384457,0.00020153208928357864,0.9999813053776587,0.9998068062144628,0.9996450884557736,0.0014744730696767668,0.0008307456970214844,0.2606682064951048,0.037155750662525744,2.609541139379739,0.43679730182602294,0.0003615926550754188,0.9999443344161979,0.998558745713551,0.997921365815398
266,1e-05,0.0008705419199347743,0.0005612730979919434,0.09646318274284693,0.02196002966944964,1.1415443082528551,0.20811284173812186,0.00020360261109931345,0.9999791779622971,0.9998068320239057,0.9996409536808286,0.0014038814247568292,0.0007034029279436384,0.2613705118046808,0.03723965630528812,2.6126015102909808,0.4393847445646922,0.0003623521423572306,0.9999495368990861,0.9985509690521227,0.9979164874407113
267,1e-05,0.0008381359825537276,0.0005103366715567452,0.09641635558764247,0.021933618296461035,1.1334944562305411,0.20722651928663255,0.000201099478845338,0.9999806993292609,0.9998070195167168,0.9996459996068993,0.0013888945097395582,0.0006896155221121652,0.2612461993599852,0.03724475553263158,2.6166001300488326,0.44168131890751067,0.0003624138027077429,0.9999506085699331,0.9985523471255516,0.997910104859227
268,1e-05,0.0008281332616946764,0.0004957778113228934,0.09637802732845688,0.02192878335776819,1.1355322956776654,0.2073829432328542,0.00020158222547404743,0.9999811572573862,0.9998071729157845,0.9996447256058106,0.0014077605076961148,0.0006939547402518136,0.2611458320130303,0.03726083377622209,2.6136747589566176,0.43975717084748406,0.00036244517600140266,0.9999492576433159,0.9985534592168062,0.9979147753067481
269,1e-05,0.0008235902866030651,0.0005106329917907715,0.09635527617337306,0.021927864281011577,1.13549159924851,0.20784307618935902,0.00019849376814025683,0.9999813631832924,0.999807263948847,0.9996447510731464,0.0014945611606240706,0.0008822917938232422,0.2605442010441957,0.03715284973914018,2.613098431284924,0.4389686936423892,0.0003617285679144465,0.9999428073180547,0.9985601166566984,0.9979156947577775
270,1e-05,0.0008525368485388432,0.0005361037594931467,0.09640545341700997,0.021968589295131357,1.1417230407421515,0.20857376704613367,0.00020052766114023207,0.9999800302003515,0.9998070631531661,0.9996408412531145,0.0014125555989161344,0.0007038797651018415,0.26066393606105315,0.037143024414840235,2.6129654019398902,0.4387142645461219,0.0003616532236715228,0.9999489113789987,0.9985587928358709,0.997915906978354
271,1e-05,0.0008208554924641258,0.0004969843796321324,0.09625092981975247,0.02189737049554254,1.1378083585127263,0.20738992272388368,0.0002028826354729582,0.9999814870380156,0.9998076811633424,0.9996432999574166,0.0014192740326801157,0.0006969520023890904,0.2608464239172739,0.037213667266586294,2.6129370889405767,0.4407983232112158,0.0003621640687799123,0.9999484242452258,0.9985567743118606,0.9979159522318157
272,1e-05,0.000826192790046285,0.0005029712404523577,0.09639073675950156,0.02192889303515667,1.137070502309269,0.20793885741205442,0.00020366295598375927,0.9999812454622279,0.9998071220541808,0.9996437624346269,0.001437125610137186,0.0007583005087716238,0.2608994078240461,0.03721962745771968,2.6091099664439312,0.4382606412683214,0.0003619882555093707,0.9999471186497177,0.9985561878838976,0.9979220525524074
273,1e-05,0.0008160001397423751,0.0005080912794385638,0.09629666619509784,0.021920032463421113,1.13212671020801,0.20755668012868791,0.00020841824701452492,0.9999817053942691,0.9998074983458778,0.9996468534169525,0.0014065463910382606,0.0006846496037074498,0.2612236481126322,0.03722718379907388,2.6118304457408263,0.4391284304005759,0.0003621833692991711,0.9999493451306034,0.9985525970101521,0.9979177171872591
274,1e-05,0.0008330185176505791,0.0005048785890851702,0.09622605015443948,0.02191130340927177,1.1350185232771455,0.2080377240266119,0.00020364078397353425,0.9999809342208348,0.9998077805700948,0.9996450470252123,0.00141214069479936,0.0006995201110839844,0.2607203894643542,0.037177294055370916,2.611075064230451,0.4379421529315767,0.00036175436128006467,0.9999489413866899,0.998558168549459,0.9979189213581097
275,1e-05,0.0008321745563444902,0.0005019026143210275,0.09627398093010239,0.02190364169374702,1.1375056932866792,0.20750061599981218,0.00020327921982738774,0.999980972950219,0.9998075890348415,0.9996434896955185,0.0014215679304340608,0.000717094966343471,0.26125130545878983,0.03733262714912307,2.613846930170044,0.4382918103819802,0.00036295805909143533,0.999948257392153,0.9985522905057803,0.9979145005082837
276,1e-05,0.0008376385298976656,0.0005207291671207973,0.09617530347963031,0.02193186585391155,1.1326458551420662,0.20779866090133076,0.0001985035363510893,0.9999807222043664,0.9998079832580044,0.9996465294721387,0.0014220434517210896,0.0007119519369942802,0.26092517998590614,0.03721767892783793,2.610964243619726,0.43882555365562437,0.0003621186303378308,0.9999482227700627,0.998555902594636,0.9979190980180179
277,1e-05,0.0008251117756984031,0.0005157606942313058,0.09615920552978133,0.0219139892810983,1.1304393644940707,0.20687828510999678,0.00020159276245661724,0.999981294489944,0.9998080475318871,0.9996479053037188,0.0013977376911156537,0.0006951604570661272,0.2609729413154371,0.03726084728723302,2.6100659645024247,0.4377724298409053,0.0003622221560234114,0.9999499776107547,0.9985553739391241,0.9979205295963604
278,1e-05,0.0008202354030663049,0.000486553566796439,0.09617897637017925,0.02188812309106816,1.1346746010029716,0.20810679764974685,0.0002032310873963752,0.9999815150129714,0.9998079685926728,0.9996452620942606,0.0014328642105648117,0.000724240711757115,0.2602875193705802,0.037170088094360426,2.6055477239029705,0.4380688190460205,0.00036163959116518324,0.99994743179487,0.9985629524272391,0.9979277229932814
279,1e-05,0.0008152272287729674,0.0004907914570399693,0.09616094595220127,0.021891839849124163,1.1343630539512044,0.2076942232393083,0.00019954477332847934,0.9999817398877785,0.9998080405874086,0.9996454568686584,0.001407162668812735,0.0006998811449323381,0.26050841016494775,0.03716168719767524,2.6113146086109755,0.4386446152414594,0.0003618170360343558,0.9999493007320548,0.9985605121525912,0.9979185395689588
280,1e-05,0.0008314333607791648,0.0004924825259617397,0.09621163903915601,0.021913266246767413,1.1354239028011177,0.20853431757007326,0.00020443636912612616,0.9999810068799214,0.9998078381396455,0.9996447934090602,0.0014168917913294982,0.0007154260362897601,0.2601278940102003,0.0371639313844015,2.6102385533934678,0.4379891875244322,0.00036154859235416046,0.9999485972389932,0.9985647145061887,0.9979202546917529
281,1e-05,0.0008246028219333964,0.0005064572606767927,0.09613371217658087,0.021887618759393192,1.1340079620898285,0.2070680891474088,0.00020307300457318435,0.9999813175187422,0.9998081492941391,0.9996456787917543,0.0014224606760719182,0.0007194110325404576,0.26065255164803247,0.037223031896652665,2.608627928381514,0.4377209207841328,0.0003620373232702276,0.9999481923829598,0.9985589188908859,0.9979228203481595
282,1e-05,0.0008418183418229134,0.0005239316395350865,0.09614087628007943,0.021897398782757344,1.1322998079023208,0.20626360298622223,0.00020260806363812988,0.9999805291692127,0.999808120706096,0.9996467454203859,0.0014193115600202174,0.0007375717163085937,0.2605240189779975,0.03718390245482607,2.610609112013152,0.4384113792862211,0.0003618079508646588,0.9999484215177378,0.9985603395822567,0.997919663976582
283,1e-05,0.0008040934573820398,0.000499176127570016,0.09602649088172288,0.02189200944355074,1.1312491279065586,0.20776763196502412,0.00020224708496036214,0.999982235440612,0.9998085770139871,0.9996474007004286,0.0014229307457192582,0.0006824425288609096,0.2605331881841772,0.037207616661017295,2.6066137117230985,0.43807196361677986,0.0003619135028804976,0.9999481581363722,0.9985602384367186,0.9979260270188043
284,1e-05,0.0008246035896888127,0.0004949705941336496,0.09607227050295111,0.02188092939930517,1.1329780910580616,0.20710274729700315,0.0001984375117886665,0.9999813175160444,0.9998083944549171,0.9996463220720879,0.001410100096370606,0.0006951059613909041,0.26012335735846287,0.03716350392100696,2.607457316786896,0.43664521205992923,0.00036147221058532375,0.9999490888434512,0.9985647643715778,0.9979246843395817
285,1e-05,0.000825673116360776,0.0004859353814806257,0.0960072627155657,0.02186690236927953,1.1358487606711787,0.20774091411204565,0.00019744723080068283,0.999981269200558,0.999808653670699,0.9996445275504995,0.001412745321607752,0.0007071631295340402,0.2608933397102194,0.037245600697129524,2.6091103159696374,0.4385111201377142,0.0003623026601325642,0.9999488976544817,0.9985562549492671,0.9979220521736784
286,1e-05,0.0008375160153940174,0.000486029897417341,0.09610033496670482,0.021882991363105033,1.133026946985605,0.2079149509469668,0.0002016386437646166,0.9999807280044345,0.9998082824984366,0.999646291564371,0.00142544745156112,0.0006848130907331194,0.26051774464096505,0.03717703994683749,2.6048449332438217,0.4382151410693214,0.0003617764941416605,0.9999479745911057,0.9985604091902507,0.9979288406299488
287,1e-05,0.0008577059712324427,0.0005223453044891357,0.09609252971707906,0.021887952989002445,1.1305251999336905,0.20717103211652665,0.00019986021931949188,0.9999797875571459,0.9998083136361658,0.9996478518311179,0.0014345800477561855,0.0007780960627964564,0.2601602380076572,0.037124350831006306,2.606835541886764,0.4384654414086115,0.00036126384548045584,0.9999473058199358,0.9985643573694972,0.9979256739878186
288,1e-05,0.000825937076207842,0.0004942962101527622,0.09601894930988579,0.021854749394569006,1.1303522947514295,0.20694826543331146,0.00019955411958299662,0.9999812570978792,0.9998086070808628,0.999647959543966,0.0014224610928114294,0.0006960119519914899,0.25975012546792164,0.03711952322184165,2.603213704355541,0.4375544936884017,0.0003610462389893125,0.9999481923526036,0.99856887995088,0.9979314337826317
289,1e-05,0.0008592694364141775,0.000557330676487514,0.09585571409842647,0.021871890583753086,1.128572191182556,0.20734097372208324,0.00020454774079467242,0.9999797138713686,0.9998092572731753,0.9996490674707268,0.0014085551675850855,0.000716611317225865,0.26009459539643176,0.037132966209132715,2.6056991951360127,0.4364204310235523,0.00036104272910765506,0.9999492003405345,0.9985650818734625,0.9979274819451425
290,1e-05,0.0008282002981231478,0.0004903597491128104,0.09602621429012337,0.021872742183553347,1.1329701441737785,0.20748706240029563,0.00020013805043000892,0.9999811540364981,0.99980857812233,0.9996463270356897,0.0014273499919291357,0.0007294927324567522,0.2601828918363102,0.03715028060869601,2.605216111467639,0.43715039590994514,0.0003612840389798875,0.9999478356221175,0.9985641072598989,0.9979282502541947
291,1e-05,0.0008135583913520731,0.0004908723490578788,0.09589813031264928,0.021858382161776973,1.1277592723825143,0.2074868748585383,0.00020111660421356906,0.9999818146688929,0.9998090884311555,0.9996495728455677,0.0014063368697007186,0.0006941590990339006,0.2600505231463436,0.03713057176903109,2.611076578007337,0.4396981893550782,0.0003614862122314358,0.9999493602207356,0.9985655680194839,0.9979189188926182
292,1e-05,0.0008402580424867965,0.0004989887986864362,0.09594967659195404,0.021852627279436064,1.133299101110225,0.2074973994777316,0.00020333346533074552,0.9999806012511392,0.9998088831449995,0.9996461216202362,0.0014038019541563408,0.0006796496255057199,0.2601851397324374,0.03713929579755295,2.6069603599611617,0.43834720651308695,0.0003614518048441874,0.9999495426121319,0.9985640825816747,0.9979254751308194
293,1e-05,0.0008408454340549864,0.0005179158278873988,0.09592939208166062,0.02186414636124855,1.1266327524426423,0.20629568291561945,0.00019761443563795313,0.9999805744363961,0.9998089639411002,0.9996502725867521,0.0014254931266288232,0.0006875583103724889,0.26004684282412865,0.03716543127062186,2.6036266974697626,0.436978041274207,0.0003613446304680363,0.9999479712569918,0.9985656086906802,0.9979307775219899
294,1e-05,0.0008095336813314999,0.0004991020475115094,0.09592188438541657,0.021858463013072184,1.1290702397241024,0.20661395383732659,0.00019870278851794864,0.9999819941955522,0.9998089938409133,0.9996487576531068,0.0014385426598950445,0.0007109437670026506,0.25988497519935966,0.03716197989459308,2.603224318812205,0.4403316597143809,0.00036173382366428086,0.9999470143130496,0.9985673938448231,0.9979314169830392
295,1e-05,0.0008163875671623941,0.0004961192607879639,0.09580700875612498,0.021840858696891577,1.129553324466155,0.2072207027247974,0.0001988993129901603,0.9999816879825199,0.9998094510656095,0.9996484570392322,0.0014427625476476956,0.0007870537894112724,0.2600071885454763,0.037169143932420504,2.607437559828672,0.44002373133386885,0.0003615747512028773,0.9999467029957593,0.9985660461152139,0.9979247155604767
296,1e-05,0.0008212532109454393,0.0005007718290601457,0.09590035575491374,0.021837675135652972,1.1308453911256249,0.2062432742544583,0.0002012941069465382,0.9999814693763657,0.9998090795722756,0.9996476523322037,0.0014085616890728014,0.0007014410836356027,0.25958731178658734,0.03710354709962629,2.60684579531907,0.43709597843033926,0.0003609731538542999,0.9999491998701373,0.9985706736636065,0.9979256576350205
297,1e-05,0.0008048336190657847,0.00047978333064488003,0.09573717176080238,0.021806604234771158,1.1309162599245939,0.20694283275377182,0.00019980430369147533,0.9999822026625134,0.9998097287559777,0.9996476081665067,0.0014341183965933637,0.0007313864571707589,0.26001647154821844,0.03715523841558512,2.6053900285415064,0.43845974987461456,0.0003614436375042058,0.999947339728696,0.9985659438153032,0.9979279737545522
298,1e-05,0.0008418305922577303,0.0005335135119301932,0.09588206303376731,0.02183806347178463,1.1271074870522786,0.2062103407013984,0.00019993097478017928,0.9999805288383405,0.9998091523980502,0.9996499777916835,0.0014253350572503477,0.0006893226078578404,0.2596002909411736,0.03708447778374894,2.603068222934012,0.43786660376049225,0.0003609766252563102,0.9999479827950272,0.9985705306292373,0.9979316651034407
299,1e-05,0.0008428007444492994,0.0005382588931492397,0.09586794910495847,0.021835187340713647,1.1300626993786536,0.20606994884354726,0.00019854888594519643,0.9999804838524595,0.999809208585967,0.9996481399095463,0.0014123847563302355,0.0006942476545061384,0.2598513293238692,0.037140961056985194,2.6042407596787958,0.4372167340346745,0.0003612654166906598,0.9999489237361537,0.9985677647063548,0.9979298013417187
300,1e-05,0.0008083492545230593,0.0004922040871211461,0.09580900163508504,0.021844459533597687,1.1289509517382115,0.2057444189276014,0.00020411437242889212,0.999982046787788,0.9998094431372108,0.9996488318791622,0.001423821845245388,0.0006848880222865513,0.259340678710151,0.03703091474761503,2.6000371142578804,0.4357742692743029,0.00036025846675828336,0.9999480931848974,0.9985733882728743,0.9979364792630654
301,1e-05,0.0008345238066426354,0.0005041505609239851,0.09575400769208975,0.02184139266297752,1.1334923876835483,0.20644433796405792,0.0002057996620502211,0.9999808654467186,0.9998096618333783,0.9996460008945139,0.0014040338990435873,0.0006943770817347936,0.25943503656412215,0.03708770475984869,2.6084553968350996,0.4379987222807748,0.00036086161026781206,0.9999495259369877,0.9985723500670294,0.9979230951610493
302,1e-05,0.0008162522702742001,0.0005044400691986084,0.0957715559438245,0.02184769925924967,1.1295817612331982,0.20661455655381794,0.00019925561761039847,0.9999816940023983,0.9998095920566222,0.9996484393318906,0.00144450059791341,0.000751004900251116,0.2597347446732775,0.03709813133194512,2.6043825477401272,0.43755273577712833,0.00036098609071833225,0.9999465745079933,0.9985690495222579,0.9979295758700109
303,1e-05,0.0008274552094340186,0.0004913261958530971,0.09574201496968152,0.02181089810433503,1.1301848787184867,0.20589591736594837,0.00020091455509865292,0.9999811883143234,0.9998097095046067,0.9996480638260706,0.0014162547881675124,0.0006851741245814733,0.2600019210470213,0.037170025256444826,2.6054275331731906,0.4382806488445827,0.0003614756876930869,0.999948643447689,0.9985661040792342,0.9979279141828769
304,1e-05,0.0008095608269559451,0.00048709937504359655,0.09564703101013365,0.02180051295168745,1.1285226489311913,0.20682859470446904,0.00019782711695454834,0.9999819928951825,0.9998100868891358,0.9996490982995816,0.0014122224838240198,0.0006945950644356864,0.2598252217479643,0.03713470449050268,2.6072269231495695,0.43968675831953685,0.0003613985319824072,0.9999489354720453,0.9985680524930246,0.9979250508599437
305,1e-05,0.0008117799299092477,0.0004859311240059989,0.09570163800040554,0.021800650658566248,1.127906927965517,0.20606265529280618,0.00020260919490159982,0.9999818938835423,0.9998098699727818,0.999649481085804,0.0014200548729122436,0.0006999560764857701,0.25956853408717473,0.03709628726638838,2.602526633121253,0.4367506891489029,0.0003608968884651,0.9999483674788766,0.9985708802756121,0.9979325255998662
306,1e-05,0.0008444521493591161,0.0005205776010240828,0.09564529352545657,0.021802537275997597,1.124959348211862,0.2056349683020796,0.00020307424875194819,0.9999804072336816,0.999810093784996,0.9996513107280522,0.0014136734151084615,0.000686025619506836,0.25968768227178074,0.037155792460751486,2.606941438502413,0.44092473245802377,0.0003615723529772039,0.9999488304897456,0.9985695681650764,0.9979255052998373
307,1e-05,0.0008290541356113848,0.0004926707063402448,0.09570891691288376,0.021825280319704075,1.1279688141264006,0.20663903242065793,0.00019958960992916478,0.999981115129499,0.9998098410502099,0.9996494426101904,0.001417661766963519,0.000701904296875,0.25977489124481373,0.03712374147660327,2.6055560936241404,0.43987251122792564,0.0003614677906733732,0.9999485413566346,0.9985686070446421,0.9979277094617014
308,1e-05,0.0007965541990211162,0.00048822249685014996,0.09558603750008081,0.02180413897119978,1.1252260176815487,0.2057754308694885,0.0002003961780926155,0.9999825670386875,0.999810329020632,0.9996511453982468,0.0014232125039252167,0.0006985391889299665,0.259137980392214,0.03705270083882774,2.5996465892611296,0.4384515697047824,0.00036071637721742415,0.9999481376036559,0.9985756174229115,0.9979370988452408
309,1e-05,0.0008391304362251286,0.0005150590624128069,0.09558464711703533,0.021814658355350514,1.128263274943228,0.20647641321023305,0.00020250042516771114,0.9999806535822992,0.9998103345409883,0.9996492595628061,0.001418989761891455,0.0006959847041538783,0.2597885327488476,0.03710385530687228,2.602442138020335,0.4362915663492112,0.0003609688080822733,0.9999484449036918,0.9985684568715022,0.9979326599015418
310,1e-05,0.0008231875576235882,0.0005054754870278495,0.09562574621460511,0.021825732573460734,1.1232068983711365,0.20694692610275178,0.00020118608245901928,0.9999813816349419,0.9998101714002463,0.9996523962480357,0.001409883532630027,0.0007064887455531529,0.25934427636470486,0.03708361911604989,2.6100488664689583,0.44027625506832485,0.0003608440166657248,0.9999491044801623,0.9985733486914022,0.9979205568835674
311,1e-05,0.0008188071701171654,0.0005089027541024345,0.09557790831388246,0.021805568350248616,1.1224643282386437,0.20574219869006247,0.00020078981458134746,0.9999815793072849,0.9998103612837056,0.999652855720652,0.0014236276972537782,0.0006920269557407924,0.2587880206536968,0.03700538395085925,2.600265488957438,0.4359722293558575,0.0003599994723565361,0.9999481073396415,0.9985794621702458,0.9979361166614138
312,1e-05,0.0008050707968023642,0.00048524652208600723,0.09555193456035557,0.021818832789139677,1.1258774889503176,0.20547844735639437,0.00019744954547000555,0.9999821923260128,0.9998104643392864,0.9996507413369575,0.0014339022153427115,0.0007525920867919922,0.25944649184612506,0.03707014467856169,2.6051626015774385,0.43823307809375583,0.000360845464611417,0.9999473556036828,0.9985722239561581,0.9979283354146281
313,1e-05,0.0008131588792452498,0.000503735031400408,0.09556956785660695,0.021813067445527582,1.12537207115508,0.2058664083480835,0.00019580225182775328,0.9999818324529489,0.9998103943757426,0.9996510548239245,0.001440934060554108,0.0007329532078334263,0.2594344436407939,0.03711672643476812,2.6042185654010024,0.4376580100683939,0.0003611072700395981,0.9999468380022175,0.9985723564940211,0.9979298365161202
314,1e-05,0.0008310928776151272,0.0005114163671221052,0.09552707068671198,0.021774708486671717,1.127086542892247,0.2058744740628061,0.00020106991268630734,0.9999810223406606,0.9998105629615169,0.9996499907999822,0.0014079108327128699,0.0007086549486432757,0.25972543945223764,0.037079117176917614,2.6055698623327523,0.437403747013637,0.00036079719852965457,0.999949246805886,0.9985691519941172,0.99792768751179
315,1e-05,0.0008088447884154544,0.0005100045885358538,0.0955146541629664,0.021810270307011576,1.1198788311120549,0.2057855581243833,0.00019980356498831497,0.9999820246810341,0.9998106122076659,0.9996544530970863,0.001412645082928707,0.000709329332624163,0.25966029287557046,0.03710145490786814,2.6048041812371467,0.4370652252719516,0.00036078610973106607,0.9999489049059656,0.9985698698540386,0.9979289054345961
316,1e-05,0.0008120796123513213,0.0004890705857958113,0.09551887508838652,0.02177388506084368,1.1191769577611093,0.20535395067362558,0.00020031657843162521,0.9999818807185965,0.9998105954682226,0.9996548861125786,0.0014214772954572277,0.000680678231375558,0.25859557184964477,0.03701748156166427,2.5988725773720045,0.43620999058087667,0.00036006294239573184,0.9999482639898547,0.9985815741599645,0.9979383272303849
317,1e-05,0.0008291185658083171,0.0004994613783700126,0.09544205563034865,0.02175847013760163,1.12269589379688,0.2060256003623917,0.00019953671523038403,0.9999811125243477,0.9998108999962428,0.9996527124726191,0.0014091701519467904,0.0006831986563546317,0.25904526442893383,0.03704485452618739,2.602128109985638,0.43706665975706915,0.0003603894762169249,0.9999491559719262,0.9985766364813663,0.9979331587662545
318,1e-05,0.0008433100211848698,0.0005061992577144078,0.09548067691994795,0.021785560550179873,1.1253408836115741,0.20565637286220279,0.00019917605440249582,0.9999804601922752,0.99981074692716,0.9996510741725853,0.0014274259897357258,0.0007046563284737723,0.25884159352085645,0.037017834605161,2.5995314376053757,0.43654429486819674,0.0003600820769210284,0.9999478300670906,0.9985788737387762,0.9979372817280736
319,1e-05,0.0008004374677316915,0.00047053779874529157,0.09536611280381083,0.021776442152430426,1.1234210707957077,0.20519865020400002,0.0001958723356801134,0.9999823964407415,0.999811200814224,0.9996522636541688,0.001429025870890989,0.0007049764905657087,0.2582750791095592,0.03702972585675102,2.598074620213428,0.43735089160147167,0.0003600767213858565,0.9999477130558159,0.9985850877363449,0.9979395930352736
320,1e-05,0.0008136725750635536,0.00048728244645254953,0.09548628298567671,0.02177184542145119,1.1207906767176792,0.20481938769419988,0.00019590816874454374,0.9999818094933653,0.9998107246999657,0.9996538901513469,0.001410533134465223,0.0006934234074183873,0.2586643019943531,0.036998217538842616,2.599009377344331,0.4355912330604735,0.0003598618997108992,0.9999490575692807,0.9985808200522486,0.9979381102023828
321,1e-05,0.0008173551415296597,0.0004990177495138986,0.09538518879667357,0.021750807203742943,1.1236936414567629,0.2048465166773115,0.00019818243189553998,0.9999816444185898,0.999811125271259,0.9996520949240199,0.0014149205096075812,0.0007180758884974889,0.25877126069513845,0.03706461555115582,2.601146489220961,0.43665748011498223,0.00036039341894631127,0.9999487401699291,0.9985796461019547,0.997934717959042
322,1e-05,0.0008558764138744711,0.0005242943763732911,0.09540773409376216,0.02177748157090236,1.123077472412117,0.2058788904121944,0.00019581825309743244,0.99997987361501,0.9998110359784511,0.9996524763564072,0.001429472903898474,0.0006875446864536831,0.2591677752326642,0.0370896713148248,2.596526674301861,0.43577996918133327,0.00036080057673163737,0.9999476803375196,0.9985752898622842,0.9979420475835458
323,1e-05,0.000828336837900569,0.0005187715802873884,0.09549916114180228,0.021820021156744886,1.1176918446216741,0.20510596150443666,0.0002001563520997414,0.9999811477696736,0.9998106736409125,0.9996558013963999,0.0014201487012894156,0.0007217270987374442,0.2590325069164875,0.03704289425031694,2.5989168513320555,0.43577725575083776,0.0003604784463385613,0.9999483606555407,0.9985767769363628,0.9979382568899642
324,1e-05,0.000820567791113906,0.0004927967275891985,0.09534301230066844,0.021730769406105986,1.1185972321125577,0.20482657487903322,0.00019998637800626643,0.9999814998833715,0.9998112922605257,0.9996552435402789,0.0014369308985550343,0.0007486956460135323,0.2586585071209332,0.037011831116313954,2.598260888187127,0.4361980341729664,0.0003601166664888448,0.9999471329781993,0.9985808835402095,0.9979392975521978
325,1e-05,0.0008123167062548173,0.0004967723573957171,0.09524572434668399,0.021743763902027403,1.1225195559867296,0.20544447366680418,0.00020459643239551694,0.9999818701448722,0.9998116771818267,0.9996528215375186,0.0014016301596894067,0.0006814820425851004,0.25876790415935863,0.0370485974120394,2.5999178589456533,0.4354915713980084,0.0003601969909064135,0.9999496986146343,0.9985796829049857,0.997936668328763
326,1e-05,0.0008489052999192306,0.0005218914576939174,0.09539830485863059,0.02174978483804117,1.1273036722432628,0.2056908339971588,0.00020005596084506902,0.9999802000130585,0.9998110733228559,0.9996498559300347,0.0014516010025762398,0.0007819107600620814,0.25868755975535757,0.03698781003054833,2.5989191396125793,0.4359872965585618,0.0003598583778463333,0.9999460479939337,0.998580564919427,0.997938253286661
327,1e-05,0.000868174056405312,0.0005787500313350133,0.09532171655535515,0.021752369923973985,1.1194678733533563,0.20476356070666085,0.00020044949596893146,0.9999792909327779,0.9998113765541112,0.9996547066440437,0.0014174152900578495,0.0006836005619594029,0.25832093762753283,0.0370019682032882,2.600489603876421,0.43800724021026066,0.00036006303597547334,0.9999485592484405,0.998584585297428,0.9979357608160978
328,1e-05,0.0008217460974921285,0.0004833323614937919,0.09527430377819103,0.021764421374761582,1.1219462440781607,0.2058383019907134,0.0001964428366610004,0.9999814469912157,0.9998115641450417,0.9996531760692199,0.001498861132029649,0.0008771692003522601,0.2584202722002069,0.037069690778882745,2.5939622435382965,0.43612414655231296,0.00036043381746203015,0.9999424777488419,0.9985834965884068,0.9979461104586024
329,1e-05,0.0008310877635336275,0.0005138610090528215,0.09525482763949789,0.021757792837652272,1.1172712821250972,0.20524920920530956,0.00019843725878945404,0.9999810222423908,0.9998116411774554,0.9996560603801931,0.0014121883781338749,0.0007014683314732142,0.25808009807771387,0.03700728767572959,2.6002666860859116,0.43642736134074983,0.00035989714030569705,0.9999489379384697,0.9985872234197244,0.9979361146631526
330,1e-05,0.0007970184893805507,0.0004877712045397077,0.09520357736102451,0.021726812220391363,1.1200886099620755,0.2050757259840057,0.000195385762189667,0.999982546605811,0.9998118438142611,0.9996543236271596,0.0014331136129240524,0.0007347856249128069,0.2584716938422789,0.03699280504348143,2.597667219526032,0.4355220638570331,0.0003598136313699266,0.9999474134933795,0.9985829328156515,0.9979402391638
331,1e-05,0.0008036848327818064,0.0005309522151947021,0.09520552028121358,0.021731170433216124,1.1201678322101722,0.20422130007119405,0.00019649311864156972,0.9999822533106889,0.9998118361375506,0.9996542747233877,0.0014505127643568657,0.0007362910679408482,0.258277202764551,0.037012233330518694,2.5973593807114845,0.43929521611758643,0.000360346377212295,0.9999461288572385,0.9985850646190453,0.9979407272299747
332,1e-05,0.0008287314097559128,0.0005366299833570208,0.09520616436735933,0.021735941491380677,1.1174287124757827,0.2048770268758138,0.00020008369544949087,0.999981129697957,0.999811833592013,0.9996559634572811,0.0014363028404729386,0.0007442474365234375,0.2586778178161574,0.03701435635549717,2.5992987183149467,0.4364263267744155,0.00036006714357534345,0.9999471791826534,0.9985806718625289,0.997937650884204
333,1e-05,0.0008396972609563784,0.0005204481737954276,0.09518140154859134,0.02170754022177785,1.1192516082851214,0.20399623484838578,0.00020154264477318,0.9999806272516677,0.9998119314582988,0.9996548400604511,0.0014203531150501281,0.0006749902452741351,0.25884902904314794,0.037049523908137275,2.5996346466835756,0.4376119498695646,0.00036047727657161327,0.999948345788714,0.9985787922536533,0.9979371180232532
334,1e-05,0.0008090159467066611,0.0004961482116154262,0.09516415335253324,0.021710307007378252,1.119620391024763,0.20476178470112028,0.00019691371547345886,0.9999820171305902,0.9998119996152975,0.9996546125482003,0.0014212855251073799,0.0006877149854387556,0.2585187345714244,0.03704440778031539,2.595098419653954,0.43584098929450626,0.00036013302572617553,0.9999482779482395,0.9985824168978522,0.9979443107578775
335,1e-05,0.0008229853732771474,0.0005135195595877511,0.095136631990573,0.021735209936522087,1.118037254427344,0.20538105052851496,0.00019740699886650807,0.9999813908599267,0.9998121083344723,0.9996555886205161,0.001450540753632897,0.0007010323660714286,0.25826366892999725,0.03702596414139186,2.5946439728564763,0.4361819800876436,0.00035997788726724084,0.9999461267782098,0.9985852129046175,0.997945030834579
336,1e-05,0.0008263442184073578,0.0005037495068141392,0.09518452917270798,0.021718351268043556,1.1190275368489542,0.2045922774644125,0.00020086898231207734,0.99998123836531,0.9998119190945505,0.999654978230137,0.001421106187037684,0.0006840842110770089,0.2582499239534371,0.037009685645875694,2.596094329075933,0.43616637190183005,0.00035980248922600015,0.999948291000012,0.9985853634090228,0.9979427328711701
337,1e-05,0.0008217666290505329,0.0004952337060655866,0.09517396816063177,0.021732917242923623,1.121921754261073,0.20470174331040608,0.0001945338314452069,0.9999814458050463,0.9998119608310513,0.9996531912496522,0.0014391442148299555,0.0007040160042898995,0.2583572602664397,0.037011241325542364,2.596744204679709,0.4360320971125648,0.0003599816449346665,0.9999469699897678,0.9985841872241832,0.9979417027212429
338,1e-05,0.0008099852756101683,0.0004953716482434954,0.09511994644090754,0.02168668320976526,1.1222225718664078,0.20488882082558812,0.00019660142812401204,0.9999819741550344,0.9998121742353672,0.99965300522864,0.0014239417715464662,0.0006918634687151227,0.25807471665818454,0.037003011073706286,2.603839488557485,0.44332928969746543,0.00036034767045628593,0.9999480844404685,0.9985872823101745,0.997930439238273
339,1e-05,0.0008426075617091851,0.0005295991897583008,0.09504866003480847,0.02170832409861203,1.121864419323972,0.20484721781242463,0.0002029490300892738,0.9999804928360371,0.9998124556590435,0.9996532266785599,0.0014211642684326619,0.0006907871791294643,0.25783120227009937,0.03701388020560427,2.597525919073476,0.4359361110698609,0.0003596527128747261,0.9999482867731748,0.9985899471342414,0.9979404632610434
340,1e-05,0.0008211900858737732,0.0005170081342969622,0.09505086642530225,0.021720908687643287,1.1119935956005838,0.2041680314001583,0.00020152661108987298,0.9999814719523865,0.9998124469503521,0.9996593020683678,0.0014308037300386918,0.0007155282156808036,0.2576958971041156,0.03693907639203082,2.598795517791858,0.4375170807043711,0.0003594762739107359,0.9999475828739217,0.9985914264740433,0.9979384494410934
341,1e-05,0.0008217691050415743,0.0004907011985778809,0.0950161507418358,0.021710271722553163,1.1161529403893233,0.20452151724270412,0.0002003014362867889,0.9999814458109211,0.9998125839251737,0.9996567485646773,0.0014244664395681845,0.0006966727120535714,0.25767843725630224,0.03695372998152139,2.596617302995485,0.4350193358602978,0.000359297131732319,0.9999480461756284,0.9985916175939399,0.9979419037941174
342,1e-05,0.0007983228952091015,0.0004944912024906703,0.09505427703573592,0.02169503917452924,1.1152709212911072,0.2040765352192379,0.00019782847459014923,0.9999824893270333,0.9998124334966265,0.9996572908552428,0.0013998389587572262,0.0006902830941336495,0.25791034940739227,0.0369566793024415,2.5994013277970716,0.4360692364828927,0.00035939100946677624,0.9999498270969113,0.9985890811221622,0.997937488284251
343,1e-05,0.0008085449685854718,0.0005161310945238386,0.09498905898516931,0.021702883452708117,1.1149833926767436,0.20410053680340448,0.0001990359596155388,0.9999820379255099,0.999812690784359,0.9996574675517346,0.0014191011022976173,0.0006779806954520089,0.25831085915546087,0.03702064072498486,2.5953097518876165,0.4358074663650422,0.00035994003952566806,0.9999484368128786,0.998584695786845,0.9979439760537141
344,1e-05,0.0008167250344740892,0.000496518611907959,0.09502550634524756,0.021694104704591963,1.1180441228658167,0.20506335014388674,0.00020049858380395694,0.9999816730210435,0.99981254702012,0.9996555843878564,0.0014275865249726157,0.0007136072431291853,0.25785258013130496,0.03692612859500529,2.596164776310271,0.43521717063018256,0.00035918263900492145,0.9999478183318643,0.9985897133037458,0.9979426212640958
345,1e-05,0.0008185308314449609,0.0004931696823665074,0.09492210386921084,0.021679342382702686,1.1132116885908698,0.20359893859851927,0.00020095346693095248,0.9999815918474017,0.9998129547536603,0.9996585552206894,0.001430789749009386,0.0006822858537946429,0.25789321303968127,0.036980596650196575,2.593729733438809,0.43550541542825244,0.0003596486609473004,0.9999475838982995,0.9985892686756493,0.997946478662793
346,1e-05,0.0008211567929699687,0.0004929576601300921,0.09498343431059554,0.021669121611418214,1.1159096080105,0.2038315741079194,0.0001962762293791067,0.9999814733592239,0.9998127129733666,0.9996568982076928,0.0014196591170814864,0.000686509268624442,0.2582413157062227,0.03700936415410392,2.592639799042778,0.4356691139084952,0.00035985081267502514,0.9999483962538547,0.9985854577993497,0.9979482043000054
347,1e-05,0.0008073655753445613,0.0004792187895093645,0.0949443726311647,0.02167487919986623,1.1201024814343026,0.2055603990952174,0.00020018175164382307,0.9999820904304332,0.9998128669764618,0.9996543150634952,0.0014435336414127678,0.0006873130798339844,0.2579881563399638,0.03705904147035171,2.594246793762061,0.43736789936111087,0.00036045264687686537,0.9999466460106788,0.9985882298845716,0.9979456598864758
348,1e-05,0.000813898912946148,0.0005115406853812082,0.0949233693302672,0.021674770678333018,1.1107006945208908,0.20392332552444367,0.00019825003076065126,0.9999817993623007,0.9998129497683874,0.999660093859123,0.0014190674503369615,0.0006929261343819754,0.2574946551420408,0.03693437698127339,2.5980762351145055,0.43695110366457984,0.00035921590737997473,0.9999484392583446,0.998593625601014,0.9979395906422985
349,1e-05,0.0008150585758727857,0.0005079354558672224,0.09499028542756795,0.021674560129142657,1.1108133126628261,0.2033572276433309,0.0001943368996171882,0.9999817474816418,0.9998126859451264,0.9996600249232959,0.0014458114336516757,0.0008079937526157924,0.2573848615464645,0.036960722468559096,2.592823463718829,0.43492554965473357,0.00035948602382297344,0.9999464775003212,0.9985948248391822,0.997947913528934
350,1e-05,0.0008193550951211851,0.000492955105645316,0.09488929582621447,0.021666465815258225,1.1169186197559153,0.20354440552847727,0.0002009530488817615,0.9999815547724492,0.9998130840263573,0.9996562774644767,0.001403557905606224,0.0006871564047677177,0.2576826796047407,0.03694858341097082,2.597800435777684,0.4368312097731091,0.0003594906712805823,0.9999495601544667,0.9985915711874076,0.9979400278489635
351,1e-05,0.0008167196814071496,0.00049591064453125,0.09476632388961659,0.021661070048559137,1.1154222878268092,0.2041170582884834,0.00020147520396576266,0.9999816729642411,0.9998135681791306,0.9996571978349258,0.0014253409618667477,0.000685535158429827,0.2574234866833228,0.036902559120637564,2.5935658123379435,0.43571139247644514,0.0003590395783820415,0.9999479823640517,0.9985944030956632,0.9979467381357097
352,1e-05,0.0008330308037905321,0.0005281823022024972,0.09490861506395797,0.021659855857741408,1.116494467352286,0.20584857520602998,0.00020207310406296337,0.9999809337281342,0.9998130079122564,0.9996565384880935,0.001423586914768551,0.0006832667759486608,0.25759930536007336,0.03694340714743552,2.5939165895707936,0.4355914260659899,0.00035931360382019447,0.999948110312724,0.9985924823141595,0.9979461827804548
353,1e-05,0.0008031728955184103,0.0004935213497706822,0.094845223619131,0.021668008632130094,1.1127726196420846,0.2042617972408022,0.00019726258409912136,0.999982275934961,0.9998132576187848,0.9996588245270873,0.0014317046899746892,0.0007245131901332311,0.25728833537261414,0.03694201646610876,2.5939708600501397,0.43521045531545366,0.0003591849364660978,0.9999475168402676,0.9985958785301942,0.9979460968342325
354,1e-05,0.0008128009481391926,0.0004864207335880825,0.09482951418529549,0.0216530094536283,1.1163122763090827,0.20518172823247455,0.00020108448939091823,0.9999818486454283,0.9998133194718869,0.9996566505650705,0.0014103177876522678,0.0006950105939592634,0.2581026931405362,0.03698528228440875,2.5981231396481412,0.43537576766241165,0.0003596389239589826,0.999949073122907,0.9985869759022511,0.9979395161537596
355,1e-05,0.0007920005311958709,0.000472644397190639,0.09486642400387306,0.021651445030853683,1.1112915000464114,0.2030100146929423,0.00020010311119584605,0.9999827654715161,0.999813174124467,0.9996597321450034,0.0014276988933345192,0.0006878989083426339,0.25732529214192573,0.03691838598913617,2.597100209425013,0.4364851582617987,0.00035915413667080676,0.9999478101168816,0.9985954751282584,0.9979411382507263
356,1e-05,0.0008036088779032257,0.0004935843603951591,0.09465003667550624,0.021638504012763127,1.1130128888379354,0.20433094167993182,0.0001944117449135092,0.9999822566836937,0.9998140254405543,0.9996586771831588,0.0014186694156478937,0.000694411141531808,0.25736584402695556,0.0369522128589998,2.596107903101619,0.4356733709573746,0.00035931629568368515,0.9999484681788664,0.9985950323808227,0.9979427113693526
357,1e-05,0.0008142850450517165,0.0004877047879355294,0.09478212881776844,0.02164201382586666,1.1154097007791777,0.20312356061878659,0.00019955038432865177,0.9999817820669432,0.9998135059862804,0.9996572055617968,0.0014166669993229614,0.0006831577845982143,0.25711095410309137,0.03691276818107759,2.5927070599121538,0.43596278854778836,0.0003590684935603703,0.9999486135479495,0.998597813810267,0.9979480975641336
358,1e-05,0.0008005372803035316,0.00047745278903416223,0.09471635793071259,0.021633524795217084,1.1137837132709536,0.2029339373821304,0.00019752253358590872,0.999982392097536,0.999813764724552,0.9996582042421028,0.0014268485471033196,0.0006990296500069754,0.257597388650309,0.036992823404398606,2.5906430696576734,0.43816866732779003,0.00035998555627859074,0.9999478722675974,0.9985925031964961,0.9979513634718127
359,1e-05,0.0008115383674864358,0.0004978384290422712,0.09470612998698191,0.02163846749788935,1.112882391340583,0.20445960291794368,0.00019854660616587286,0.9999819048863783,0.9998138049408631,0.9996587572178353,0.0014414098260853178,0.0006898675646100725,0.25727335161356096,0.03694315321071843,2.5900775338268107,0.4349782776264917,0.00035919998524440824,0.9999468028905183,0.9985960419176398,0.9979522577847123
360,1e-05,0.0008186121001696794,0.0004959676946912493,0.09470175363519244,0.021633667516008613,1.1106176585674261,0.2043273668204035,0.00020141665217160415,0.9999815876996283,0.9998138221556455,0.9996601446725327,0.0014277546135040503,0.000698845727103097,0.25678418220881954,0.03687879226055285,2.5927578058354004,0.4360212270702635,0.000358633214714751,0.9999478060430732,0.9986013757579771,0.9979480174224371
361,1e-05,0.0007972356415273199,0.0004810741969517299,0.09468020530311684,0.021641225688768632,1.1148121554936525,0.20420001227231252,0.00019724825812352266,0.9999825369255343,0.9998139068670838,0.9996575727505077,0.0014265118634650548,0.0006945950644356864,0.2571639928569902,0.03689198544252843,2.5919192032821243,0.43469909372783844,0.0003588170122486013,0.99994789686514,0.9985972354267133,0.997949344657558
362,1e-05,0.0008389335969031535,0.0005367389747074672,0.09469532612272386,0.021634812043116777,1.1126932359038648,0.20430290067479723,0.0001958917353101859,0.9999806623152412,0.9998138474226026,0.9996588732064394,0.0014176021237326463,0.0006950923374720982,0.25743592511647706,0.036954687404557596,2.595145195558431,0.43545236786206565,0.00035936603461664165,0.9999485456864335,0.9985942671641916,0.9979442367328976
363,1e-05,0.0008031757284786011,0.00048726967402866906,0.09468241307071772,0.021639138303962642,1.1095747351735146,0.2043475147868906,0.0002001162153040598,0.9999822759051699,0.9998138981913329,0.9996607826506807,0.0014479496074084807,0.0007467951093401228,0.2565494052809098,0.03690075090221389,2.589215204428075,0.4351923374902634,0.0003588100378875778,0.9999463190771368,0.9986039322607987,0.9979536210986749
364,1e-05,0.0008087190631159766,0.00048598817416599816,0.09452833722028958,0.021623118966036872,1.1174371902759974,0.2042017570563725,0.00019837251221235873,0.9999820303802832,0.9998145033822341,0.9996559582244448,0.00142450376285199,0.00069753783089774,0.2565134387183387,0.03685361259388474,2.5921124026111704,0.4355371013993309,0.00035845270788747205,0.9999480434530473,0.9986043236153536,0.997949038769943
365,1e-05,0.0008152245827502828,0.0005092382431030274,0.09466329705856873,0.021627981789738127,1.109880354855871,0.2027373865956352,0.00019825873894579817,0.9999817401808355,0.9998139733299265,0.9996605957636894,0.0014356735279797777,0.0006839343479701451,0.2567224336231512,0.036881716668105975,2.587944473981348,0.4349855698290325,0.0003587800772256363,0.999947225459131,0.9986020483086129,0.9979556291804749
366,1e-05,0.0008287071478257097,0.0004980819565909249,0.09456480096896772,0.02161250553197331,1.1096587154579902,0.20322630008061726,0.000202162946654393,0.9999811311327611,0.9998143602426985,0.9996607313100925,0.001435984057192637,0.0007075990949358259,0.2563886478748087,0.03683870584085053,2.5910404256634556,0.4353116072359539,0.0003582114235328189,0.9999472026269082,0.9986056813117817,0.9979507349388044
367,1e-05,0.0008321507783081971,0.0005103034632546561,0.09451386791628084,0.02158766284397563,1.1093604421715797,0.20292935023705164,0.0001933987870871111,0.9999809740433937,0.99981456016155,0.9996609136701428,0.0014267209616437052,0.0006869861057826451,0.2565169591403442,0.03686256491944225,2.5891303051093595,0.43430847071465994,0.0003584351709175356,0.9999478815894604,0.9986042852364366,0.9979537552062262
368,1e-05,0.0008353107643012348,0.0005208006926945278,0.09456367544725149,0.021611904967537215,1.1153615721526877,0.2032992123847916,0.00020015406511460503,0.999980829275998,0.9998143646613428,0.9996572351368255,0.0014241179117415854,0.0006900174277169364,0.2572729270781789,0.03696786168673753,2.593288330069642,0.43634580827894665,0.00035948942284284787,0.999948071595867,0.9985960466428228,0.9979471776253731
369,1e-05,0.0008050269650926878,0.0004950642585754394,0.0945015498452692,0.021600175457586784,1.1081312817040379,0.20321749186231977,0.00019803703910536847,0.9999821939058455,0.9998146084963007,0.9996616646518962,0.001445857894222784,0.0007358482905796596,0.25666767626295955,0.036918871135956585,2.5888038378767626,0.4355798912899835,0.00035890027749834033,0.9999464740604178,0.9986026447778585,0.997954271162124
370,1e-05,0.0008310722994501541,0.0004971316882542202,0.09459890056433871,0.021604172205962474,1.112596009496908,0.20364266002462023,0.00019901295322745228,0.9999810229628313,0.9998142263432827,0.999658932823927,0.0014459933471181014,0.00072479248046875,0.25680740113425127,0.03693102551643703,2.5924892367684635,0.437048379438264,0.00035926227957462387,0.9999464640309631,0.9986011229462881,0.9979484425827431
371,1e-05,0.000795200698875348,0.0004834907395499093,0.09448588379353963,0.021613646345505923,1.1083461079088985,0.2034150398203305,0.00019933595938341245,0.9999826259568655,0.9998146699602806,0.9996615334484299,0.0014161420117613068,0.0006836891174316406,0.25650790496655473,0.0368646903810886,2.5907945913790518,0.4357858540046783,0.0003585594286808045,0.9999486516264106,0.9986043838965597,0.9979511239249121
372,1e-05,0.0008000663505003718,0.0004866319043295724,0.09450556986488581,0.021622252304973843,1.1124280018416857,0.20324234054202125,0.00019718184518995534,0.9999824128379545,0.9998145927123943,0.999659035821011,0.0014161761965528002,0.0007057462419782366,0.2565439511429946,0.036864943224429084,2.591125275746439,0.43615455258460273,0.0003586747361888203,0.9999486491473447,0.998603991562423,0.9979506006606187
373,1e-05,0.0007810174731883379,0.0004735563482557024,0.09445130291648873,0.021603862952198873,1.1070982382530214,0.20268188480819974,0.00020027387149496332,0.9999832402051567,0.9998148055960566,0.9996622951786193,0.0014606748879643766,0.0007673331669398717,0.25649933792559665,0.03689164929170029,2.58904149105498,0.4369567309107099,0.0003589807828597537,0.9999453713832006,0.9986044770532032,0.9979538954948555
374,1e-05,0.0008142042942816447,0.0005174134458814348,0.09446449528414592,0.021579010064559413,1.1092660412682687,0.20251099566618602,0.00019555485391468404,0.9999817858091876,0.9998147538569658,0.9996609713702698,0.0014429541548332768,0.0007033416203090123,0.2560563190925388,0.03684621116837616,2.5829107016888297,0.43795922228268214,0.0003586947248912035,0.9999466888385202,0.9986092935105176,0.9979635742157738
375,1e-05,0.0008282683600356774,0.0005025991371699742,0.09444734475955535,0.0215947129636753,1.1082490502738929,0.2026091795592081,0.00019941977357265322,0.9999811512302235,0.999814821107785,0.9996615927373355,0.0014167820644276738,0.0006956236703055246,0.2566011402505902,0.03686079097056539,2.587776611675065,0.4346681976602191,0.0003584936573191852,0.9999486052001478,0.9986033690324047,0.9979558943860183
376,1e-05,0.0007990368008167746,0.000476759672164917,0.09439058643388568,0.02157712527853388,1.1127208707642382,0.2028091611606734,0.00019411819409440666,0.9999824581850142,0.9998150436131676,0.9996588562631509,0.0014280755226748086,0.0006818362644740514,0.2571908181184258,0.03695846628592949,2.5913655565588267,0.43595070597671326,0.0003594060169368478,0.9999477825776939,0.9985969427114556,0.9979502205688447
377,1e-05,0.0007991045002919324,0.0004806910242353167,0.09438120704669678,0.021569289624362997,1.1086987163217603,0.20276387958299547,0.00019631151672587879,0.9999824552463842,0.9998150803698668,0.9996613180761931,0.0014373062500155672,0.0007268973759242467,0.2569309723508691,0.03690888303130928,2.589080993388309,0.43512170768919445,0.0003589389687739539,0.999947105355012,0.9985997763544265,0.9979538331978384
378,1e-05,0.0008073476144363959,0.0004956177302769253,0.09431614328808256,0.021564852059730945,1.10504809073268,0.20249437675589607,0.00019283415980000232,0.9999820912485706,0.9998153352414176,0.9996635447708921,0.0014558446806826999,0.0007537364959716797,0.2563620614970953,0.03685983367248651,2.585456039067732,0.43494790622166224,0.0003585374550719204,0.9999457320812066,0.9986059704093281,0.9979595589742557
379,1e-05,0.0007935539780542641,0.000478971004486084,0.09432986250132243,0.021558564687362506,1.1088777988567244,0.20260949368987766,0.00019157865746004582,0.9999826978951636,0.999815281513195,0.9996612086439348,0.0014353778524571967,0.0006837981087820871,0.2567427772881556,0.03689031744184484,2.587080711922151,0.4345888424487341,0.00035875239307346066,0.99994724719462,0.9986018267962907,0.9979569936441404
380,1e-05,0.0007932266510289111,0.0004958697727748326,0.09432894217342405,0.0215567903245645,1.1066142972019115,0.20339685799110505,0.00019704486252856312,0.9999827122214268,0.9998152851146905,0.9996625903686704,0.001423808620363333,0.0006810733250209263,0.25619283746387095,0.03685474587873843,2.5905128280722476,0.4368172497976394,0.0003585852625568324,0.999948094149145,0.9986078101202296,0.9979515693935045
381,1e-05,0.0008156358725069431,0.0004969366959163121,0.09433331762197164,0.02155593646381761,1.1105191249326531,0.20343743268223036,0.00019745111028333082,0.9999817216027025,0.999815267973803,0.9996602049649639,0.0014329648040871138,0.0006958825247628348,0.2561737812803643,0.03682669663735406,2.589406064371246,0.4351834941478003,0.00035812905885835433,0.9999474244135612,0.9986080172235938,0.9979533192452378
382,1e-05,0.0008273953179988503,0.0005018855844225202,0.09435766794822945,0.02157159165266425,1.1049382545051352,0.20260762323935827,0.00019645833206771254,0.9999811908154016,0.9998151725907479,0.9996636116491343,0.0014450215743251746,0.0006936413901192801,0.2565196653357673,0.0368609312664038,2.5835053452678025,0.43575677814937774,0.0003586320048669399,0.9999465359639589,0.9986042557574188,0.9979626365061498
383,1e-05,0.0008031146533245532,0.00048609801701137,0.09431875962136287,0.02156543022556625,1.109075673819666,0.2032723008167176,0.00019714620058286007,0.9999822786802232,0.9998153249917817,0.9996610877381031,0.0014269541605877291,0.0007074151720319476,0.256668862846744,0.036880213072214986,2.5871892377964953,0.4349147606463659,0.00035860249664614865,0.9999478645504571,0.9986026318591976,0.9979568221711991
384,1e-05,0.0008028978844946898,0.0004916761602674212,0.09427719082876634,0.021557066823888874,1.106645046061024,0.20267826609668277,0.00019816494723457772,0.9999822880705269,0.9998154877353489,0.9996625716103242,0.0014492804545361765,0.0007291248866489955,0.2561539695998525,0.03682656272995897,2.585123289635388,0.4343463006473723,0.0003581337826910966,0.9999462203527981,0.9986082325690069,0.9979600838651965
385,1e-05,0.0007993093472868873,0.0004973386015210833,0.09415741235723457,0.021553515224274348,1.1092248231644295,0.20340501194198926,0.00019703469625502682,0.9999824460940225,0.9998159562818297,0.9996609965614646,0.0014307106776276302,0.0007104941776820592,0.25613139848478483,0.03682979489959761,2.589326757950767,0.4357114926690147,0.00035825663648015254,0.9999475896916022,0.9986084778754937,0.99795344458981
386,1e-05,0.0008242979311968652,0.0005072295665740967,0.09418942975576161,0.021568825894056877,1.1043380885901122,0.2026294422291574,0.00019933767808218557,0.9999813311556573,0.9998158310949048,0.999663976983261,0.0014188736121416412,0.0006946495601109096,0.25563933799307637,0.036807267709910496,2.5903570341149345,0.4355249287117095,0.00035806046233119557,0.9999484533433108,0.9986138191245867,0.9979518158407338
387,1e-05,0.0008143543575970963,0.0004944920539855957,0.09423429227180824,0.0215484761326443,1.10537540688242,0.20314772054553032,0.0001981914583446139,0.9999817789966621,0.9998156556186413,0.9996633454230778,0.0014316525336188575,0.0006952081407819475,0.25607199767150063,0.036810498286343224,2.5876677684811717,0.43566364702724275,0.00035816411908222613,0.9999475206640737,0.9986091230702241,0.9979560662389557
388,1e-05,0.0007999415938993921,0.0005062009607042585,0.09413083727645638,0.021545342784726394,1.1013955456686075,0.2015414044970558,0.00019547367455243148,0.9999824184392834,0.999816060158446,0.9996657652805223,0.0014341886839565933,0.0007017135620117187,0.25582836623080274,0.03682234532646913,2.584633972869466,0.43410418913477944,0.00035799226132818756,0.9999473345667201,0.998611768611862,0.997960856288123
389,1e-05,0.0007984669421123242,0.0004956356116703578,0.09416383188662857,0.02153208153615208,1.1053232814824665,0.2026896065189725,0.00019636251223747485,0.999982483088335,0.9998159311889874,0.9996633771703013,0.0014281432701088222,0.0007156644548688616,0.2560155214365373,0.03685815796349783,2.5899233764099114,0.4350388179222743,0.000358328583804703,0.9999477776232216,0.9986097366426893,0.9979525016278827
390,1e-05,0.0008040304682294254,0.00047612530844552177,0.09413094746968421,0.021538485341414466,1.1052787220270774,0.2020540714263916,0.0002004487635180437,0.9999822381399996,0.9998160597285705,0.9996634043101041,0.0014168405225369906,0.0006949560982840401,0.25606321187916375,0.03682303716051753,2.588365461481264,0.43576512861819494,0.0003582234740845378,0.9999486009588394,0.9986092187594867,0.9979549640987629
391,1e-05,0.0008022092767521254,0.0004995218345097133,0.09407762827254733,0.021519201598764717,1.1018062656396275,0.201760472428231,0.00020211962206200188,0.9999823185946318,0.999816268050197,0.9996655159488513,0.0014374765609627654,0.0006815978458949498,0.25584712293886414,0.03684272133673012,2.5853155157988215,0.4352578286613737,0.0003581695397433451,0.999947092818963,0.9986115650672915,0.9979597806267032
392,1e-05,0.0007883284388108078,0.0004931092262268066,0.09404767546447705,0.021536566512327274,1.1026456221833003,0.20209686255880766,0.00019790573541134953,0.9999829249415892,0.9998163850268565,0.9996650061241921,0.0014333659699824995,0.0006865297045026506,0.25568994818786606,0.0368287759663174,2.5843788550019156,0.4337409885156722,0.00035795068059769615,0.9999473949718269,0.9986132703015922,0.9979612586764379
393,1e-05,0.000809312057653629,0.0005061098507472447,0.09411423590812779,0.021547425483632636,1.1008632480634963,0.20136890620702788,0.0001971248924055869,0.9999820042614429,0.9998161250319207,0.9996660882714139,0.001431306989046308,0.0006908961704799108,0.2561950114056203,0.03685719971261934,2.583885591029733,0.43352798564093453,0.00035825797708292207,0.9999475459939087,0.9986077866469832,0.9979620368728304
394,1e-05,0.000807583863798146,0.0004936507769993374,0.09415590459815969,0.02153018253623065,1.108846833629448,0.20212564028444743,0.00019983362736517005,0.9999820807699228,0.9998159621794803,0.9996612275635042,0.0014305847989318334,0.0006828171866280692,0.255935901854399,0.03684003245811792,2.583798070225185,0.4346949713570731,0.00035828241470243127,0.9999475989136639,0.9986106012297412,0.9979621749183908
395,1e-05,0.0008059424376253124,0.0004852592945098877,0.09401606076886469,0.021529957636472315,1.1044788642810672,0.20240738665064176,0.00019873571849622553,0.9999821533675258,0.9998165084554292,0.9996638913014104,0.0014267334992973538,0.0007263796670096261,0.25583173436868906,0.0368234746673572,2.590535436584461,0.43513364451272146,0.0003581161879374248,0.9999478806734502,0.9986117320521333,0.9979515336194784
396,1e-05,0.0008010857972966538,0.0004827942167009626,0.09408328065748518,0.021535889829354716,1.1009542059177109,0.20177890378094854,0.00020035449906949257,0.9999823679428038,0.9998162459684754,0.9996660330954132,0.001430958256887322,0.0006919656481061663,0.25592559042189106,0.036833561769446486,2.584220098390005,0.4344061627274468,0.00035809609476965916,0.9999475715512077,0.9986107131580735,0.9979615091961175
397,1e-05,0.0007875554272852036,0.00048258304595947263,0.09399350910380452,0.0215179409238215,1.1051125637893433,0.2022372216695831,0.00019984855107648918,0.999982958751763,0.9998165964689638,0.999663505499574,0.0014253298157718374,0.0006799357278006417,0.2557802184753525,0.036824237469357264,2.587604093025091,0.4369505097468694,0.00035819062856432996,0.999947983177599,0.9986122912876059,0.99795616689947
398,1e-05,0.0007891470868280988,0.0004829798425946917,0.09396225127059007,0.02150837181280494,1.1021548068217746,0.2021609421287264,0.00019321354173270527,0.99998288944831,0.9998167184283678,0.9996653043106271,0.001425814418357859,0.0007048947470528738,0.25575320179044403,0.03681356117004368,2.5813550004167536,0.4385886782691592,0.0003584748022788315,0.9999479478008441,0.9986125842425434,0.9979660268083782
399,1e-05,0.0008184630253603209,0.0005036958626338414,0.09407408779725888,0.021519529475074895,1.1078129978614049,0.2035016655921936,0.00019842140130955547,0.9999815950235496,0.9998162818798165,0.9996618590006391,0.0014158039452484758,0.0006912572043282645,0.2558390049586959,0.036799731494495704,2.5814818967333104,0.4345923662185669,0.00035789352952248367,0.999948676139621,0.9986116532097581,0.9979658267144097
400,1e-05,0.0008073473520422648,0.0004941190992082869,0.09397115480822041,0.021488135395497397,1.102295122154132,0.20185397189287912,0.000199677411078503,0.9999820911466221,0.9998166836938914,0.9996652190719333,0.0014271796958640463,0.0006842613220214844,0.2556803470445286,0.03680952572785084,2.5859668532044497,0.43482586457615807,0.00035791686668593077,0.9999478480687612,0.9986133745076856,0.9979587524918343
